Workbook
Name ANKARA: #REF!
Name DAVRANIŞ: Tablo8[DAVRANIŞ]
Name ERZURUM: #REF!
Name KARS: #REF!
Name SÜREÇ: Tablo1[SÜREÇ]
Name TEŞEKKÜR: Tablo9[TEŞEKKÜR]
Name ÜRÜN: Tablo2[ÜRÜN]

Sheet Data
A1: Geliş Kanalı | B1: Yapılacak İş No | C1: Telefon No | D1: Şirket | E1: Skıll | F1: Agent ID | G1: MT İsim Soyisim | H1: Takım Lideri | I1: Lokasyon | J1: Ünvan | K1: Çağrının Konusu | L1: Şikayet Ana Nedeni | M1: Şikayet Alt Nedeni | N1: Yapılacak İş Kayıt Tarihi | O1: Yapılacak İş Kapatma Tarihi | P1: Yapılacak İş Sonucu | Q1: Fraud (Tele Satış) | R1: Kalite Yetkilisi | S1: Kalite Değerlendirmesi | T1: Mail İletildi Mi? | U1: Çağrı Skoru | V1: Şikayet Oluşturma Ayı | W1: Kaydı Oluşturan MT Agent ID | X1: Kaydı Oluşturan MT İsim Soyisim | Y1: Kaydı Oluşturan MT Takım Lideri | Z1: Kayıt Oluşturan MT Hatalı Mı? | AA1: Hata Sebebi Olan Durum Nedir? | AB1: Çağrının Konusu | AC1: Şikayet Ana Nedeni | AD1: Şikayet Alt Nedeni | AE1: Şikayete Konu Olan Kaç Çağrı Dinlemesi Yapıldı | AF1: 1. Çağrı Süresi | AG1: 2. Çağrı Süresi
A2: ÇAĞRI MERKEZİ | B2: * 51845849181625 | C2: 5514232692 | D2: BEDAŞ | E2: =IFERROR(VLOOKUP(D2,Tanımlar!C:D,2,0),"- - -") -> DAĞITIM | F2: 500179 | G2: =IFERROR(VLOOKUP(F2,'Personel Bilgi'!A:B,2,0),"- - - ") -> HANIFE UZUN | H2: =IFERROR(VLOOKUP(F2,'Personel Bilgi'!A:D,3,0),"- - -") -> SAMET KOCABEYOGLU | I2: =IFERROR(VLOOKUP(F2,'Personel Bilgi'!A:D,4,0),"- - -") -> ERZURUM | J2: =IFERROR(VLOOKUP(F2,'Personel Bilgi'!A:E,5,0),"- - -") -> MÜŞTERİ TEMSİLCİSİ | K2: ARIZA | L2: ÜRÜN | M2: HATALI / EKSİK KESİNTİ SÜREÇLERİ BİLGİLENDİRMESİ | N2: 45992 | O2: 45992 | P2: GEÇERSİZ ŞİKAYET | Q2: - | R2: HALİDE PALAVAR | S2: YAPILMADI | T2: HAYIR | U2: - | V2: ARALIK | W2: 500081 | X2: =IFERROR(VLOOKUP(W2,'Personel Bilgi'!A:B,2,0),"---") -> BEYZA YAREN TUNCAY | Y2: =IFERROR(VLOOKUP(W2,'Personel Bilgi'!A:C,3,0),"---") -> SALTUK BUGRAHAN TAYMUS | Z2: HAYIR | AA2: HATASIZ ÇAĞRI | AB2: ARIZA | AC2: ÜRÜN | AD2: HATALI / EKSİK KESİNTİ SÜREÇLERİ BİLGİLENDİRMESİ
A3: ÇAĞRI MERKEZİ | B3: *74435738826854 | C3: 5076271698 | D3: ÇEDAŞ | E3: =IFERROR(VLOOKUP(D3,Tanımlar!C:D,2,0),"- - -") -> DAĞITIM | F3: 111220 | G3: =IFERROR(VLOOKUP(F3,'Personel Bilgi'!A:B,2,0),"- - - ") -> MAHIZER BUKET AKBABA | H3: =IFERROR(VLOOKUP(F3,'Personel Bilgi'!A:D,3,0),"- - -") -> SAFAK TOPTAS | I3: =IFERROR(VLOOKUP(F3,'Personel Bilgi'!A:D,4,0),"- - -") -> KARS | J3: =IFERROR(VLOOKUP(F3,'Personel Bilgi'!A:E,5,0),"- - -") -> MÜŞTERİ TEMSİLCİSİ | K3: ARIZA | L3: DAVRANIŞ | M3: TAVIR, TARZ YAPMAK, SES YÜKSELTMEK VB. | N3: 45994 | O3: 45994 | P3: GEÇERSİZ ŞİKAYET | Q3: - | R3: HALİDE PALAVAR | S3: YAPILMADI | T3: HAYIR | U3: - | V3: ARALIK | W3: 500081 | X3: =IFERROR(VLOOKUP(W3,'Personel Bilgi'!A:B,2,0),"---") -> BEYZA YAREN TUNCAY | Y3: =IFERROR(VLOOKUP(W3,'Personel Bilgi'!A:C,3,0),"---") -> SALTUK BUGRAHAN TAYMUS | Z3: HAYIR | AA3: HATASIZ ÇAĞRI | AB3: ARIZA | AC3: DAVRANIŞ | AD3: TAVIR, TARZ YAPMAK, SES YÜKSELTMEK VB.
A4: ÇAĞRI MERKEZİ | B4: *16193879313370 | C4: 5383176934 | D4: BEDAŞ | E4: =IFERROR(VLOOKUP(D4,Tanımlar!C:D,2,0),"- - -") -> DAĞITIM | F4: 500141 | G4: =IFERROR(VLOOKUP(F4,'Personel Bilgi'!A:B,2,0),"- - - ") -> ZIHNI AKPINAR | H4: =IFERROR(VLOOKUP(F4,'Personel Bilgi'!A:D,3,0),"- - -") -> SAMET KOCABEYOGLU | I4: =IFERROR(VLOOKUP(F4,'Personel Bilgi'!A:D,4,0),"- - -") -> ERZURUM | J4: =IFERROR(VLOOKUP(F4,'Personel Bilgi'!A:E,5,0),"- - -") -> MÜŞTERİ TEMSİLCİSİ | K4: ARIZA | L4: SÜREÇ | M4: HATALI MÜHİM/MOD/ÇAĞRI MERKEZİ VB. YÖNLENDİRME | N4: 45993 | O4: 45994 | P4: SÖZLÜ UYARI YAPILDI | Q4: - | R4: HALİDE PALAVAR | S4: YAPILDI | T4: EVET | U4: 0 | V4: ARALIK | W4: 500153 | X4: =IFERROR(VLOOKUP(W4,'Personel Bilgi'!A:B,2,0),"---") -> ESRA YILMAZ | Y4: =IFERROR(VLOOKUP(W4,'Personel Bilgi'!A:C,3,0),"---") -> KURSAD TERCANLI | Z4: HAYIR | AA4: HATASIZ ÇAĞRI | AB4: ARIZA | AC4: SÜREÇ | AD4: HATALI MÜHİM/MOD/ÇAĞRI MERKEZİ VB. YÖNLENDİRME
A5: ÇAĞRI MERKEZİ | B5: *23115844499930 | C5: 5536499902 | D5: AEDAŞ | E5: =IFERROR(VLOOKUP(D5,Tanımlar!C:D,2,0),"- - -") -> DAĞITIM | F5: 500170 | G5: =IFERROR(VLOOKUP(F5,'Personel Bilgi'!A:B,2,0),"- - - ") -> BURAK KAYA | H5: =IFERROR(VLOOKUP(F5,'Personel Bilgi'!A:D,3,0),"- - -") -> ERDOGAN DURUK | I5: =IFERROR(VLOOKUP(F5,'Personel Bilgi'!A:D,4,0),"- - -") -> ERZURUM | J5: =IFERROR(VLOOKUP(F5,'Personel Bilgi'!A:E,5,0),"- - -") -> MÜŞTERİ TEMSİLCİSİ | K5: AYDINLATMA | L5: ÜRÜN | M5: HATALI / EKSİK AYDINLATMA BİLGİLENDİRMESİ | N5: 45993 | O5: 45994 | P5: GEÇERSİZ ŞİKAYET | Q5: - | R5: RUKİYE DEMİRKALE | S5: YAPILDI | T5: EVET | U5: 0 | V5: ARALIK | W5: 500155 | X5: =IFERROR(VLOOKUP(W5,'Personel Bilgi'!A:B,2,0),"---") -> FATMA NUR EZGIN | Y5: =IFERROR(VLOOKUP(W5,'Personel Bilgi'!A:C,3,0),"---") -> KURSAD TERCANLI | Z5: EVET | AA5: HATALI / EKSİK BİLGİ VERME | AB5: AYDINLATMA | AC5: ÜRÜN | AD5: HATALI / EKSİK AYDINLATMA BİLGİLENDİRMESİ
A6: ÇAĞRI MERKEZİ | B6: * 61233088579921 | C6: 5333533859 | D6: BEPSAŞ | E6: =IFERROR(VLOOKUP(D6,Tanımlar!C:D,2,0),"- - -") -> PERAKENDE | F6: 600528 | G6: =IFERROR(VLOOKUP(F6,'Personel Bilgi'!A:B,2,0),"- - - ") -> SERAP COSKUNARSLAN | H6: =IFERROR(VLOOKUP(F6,'Personel Bilgi'!A:D,3,0),"- - -") -> GORKEM SERT | I6: =IFERROR(VLOOKUP(F6,'Personel Bilgi'!A:D,4,0),"- - -") -> ANKARA | J6: =IFERROR(VLOOKUP(F6,'Personel Bilgi'!A:E,5,0),"- - -") -> MÜŞTERİ TEMSİLCİSİ | K6: FATURA İŞLEMLERİ | L6: SÜREÇ | M6: HATALI MÜHİM/MOD/ÇAĞRI MERKEZİ VB. YÖNLENDİRME | N6: 45993 | O6: 46006 | P6: GEÇERSİZ ŞİKAYET | Q6: - | R6: HALİDE PALAVAR | S6: YAPILDI | T6: HAYIR | U6: 100 | V6: ARALIK | W6: 111108 | X6: =IFERROR(VLOOKUP(W6,'Personel Bilgi'!A:B,2,0),"---") -> BERKAN COSKUNOZ | Y6: =IFERROR(VLOOKUP(W6,'Personel Bilgi'!A:C,3,0),"---") -> KURTHAN FERDI CIHANTIMUR | Z6: HAYIR | AA6: HATASIZ ÇAĞRI | AB6: FATURA İŞLEMLERİ | AC6: SÜREÇ | AD6: HATALI MÜHİM/MOD/ÇAĞRI MERKEZİ VB. YÖNLENDİRME
A7: ÇAĞRI MERKEZİ | B7: * 91625930669158 | C7: 5317348507 | D7: AEPSAŞ | E7: =IFERROR(VLOOKUP(D7,Tanımlar!C:D,2,0),"- - -") -> PERAKENDE | F7: 600558 | G7: =IFERROR(VLOOKUP(F7,'Personel Bilgi'!A:B,2,0),"- - - ") -> MELIKE TOPSOY | H7: =IFERROR(VLOOKUP(F7,'Personel Bilgi'!A:D,3,0),"- - -") -> BUSRA OLCULMUS | I7: =IFERROR(VLOOKUP(F7,'Personel Bilgi'!A:D,4,0),"- - -") -> ANKARA | J7: =IFERROR(VLOOKUP(F7,'Personel Bilgi'!A:E,5,0),"- - -") -> MÜŞTERİ TEMSİLCİSİ | K7: FATURA İŞLEMLERİ | L7: ÜRÜN | M7: HATALI / EKSİK BORÇ BİLGİLENDİRMESİ | N7: 45993 | O7: 45995 | P7: GEÇERSİZ ŞİKAYET | Q7: - | R7: HALİDE PALAVAR | S7: YAPILDI | T7: HAYIR | U7: 100 | V7: ARALIK | W7: 110707 | X7: =IFERROR(VLOOKUP(W7,'Personel Bilgi'!A:B,2,0),"---") -> MELISA YIGIT | Y7: =IFERROR(VLOOKUP(W7,'Personel Bilgi'!A:C,3,0),"---") -> MUHAMMET AKSU | Z7: EVET | AA7: HATALI / EKSİK BİLGİ VERME | AB7: FATURA İŞLEMLERİ | AC7: ÜRÜN | AD7: HATALI / EKSİK BORÇ BİLGİLENDİRMESİ
A8: ÇAĞRI MERKEZİ | B8: *73941030689760 | C8: 5339501821 | D8: BEDAŞ | E8: =IFERROR(VLOOKUP(D8,Tanımlar!C:D,2,0),"- - -") -> DAĞITIM | F8: 600032 | G8: =IFERROR(VLOOKUP(F8,'Personel Bilgi'!A:B,2,0),"- - - ") -> ASYA DAG | H8: =IFERROR(VLOOKUP(F8,'Personel Bilgi'!A:D,3,0),"- - -") -> ASYA DAG | I8: =IFERROR(VLOOKUP(F8,'Personel Bilgi'!A:D,4,0),"- - -") -> ANKARA | J8: =IFERROR(VLOOKUP(F8,'Personel Bilgi'!A:E,5,0),"- - -") -> TAKIM LİDERİ | K8: ARIZA | L8: SÜREÇ | M8: MÜŞTERİ TALEBİNE YARDIMCI OLMAMASI | N8: 45994 | O8: 45996 | P8: GEÇERSİZ ŞİKAYET | Q8: - | R8: HALİDE PALAVAR | S8: YAPILMADI | T8: HAYIR | U8: - | V8: ARALIK | W8: 110707 | X8: =IFERROR(VLOOKUP(W8,'Personel Bilgi'!A:B,2,0),"---") -> MELISA YIGIT | Y8: =IFERROR(VLOOKUP(W8,'Personel Bilgi'!A:C,3,0),"---") -> MUHAMMET AKSU | Z8: =IFERROR(VLOOKUP(X8,'Personel Bilgi'!B:D,3,0),"---") -> KARS | AA8: =IFERROR(VLOOKUP(Y8,'Personel Bilgi'!C:E,3,0),"---") -> MÜŞTERİ TEMSİLCİSİ | AB8: ARIZA | AC8: SÜREÇ | AD8: MÜŞTERİ TALEBİNE YARDIMCI OLMAMASI
A9: ÇAĞRI MERKEZİ | B9: *50695329682690 - 53110455139033 | C9: 5060215966 | D9: AEPSAŞ | E9: =IFERROR(VLOOKUP(D9,Tanımlar!C:D,2,0),"- - -") -> PERAKENDE | F9: 110917 | G9: =IFERROR(VLOOKUP(F9,'Personel Bilgi'!A:B,2,0),"- - - ") -> BERAT ACAY | H9: =IFERROR(VLOOKUP(F9,'Personel Bilgi'!A:D,3,0),"- - -") -> YAPRAK KARAKOC | I9: =IFERROR(VLOOKUP(F9,'Personel Bilgi'!A:D,4,0),"- - -") -> KARS | J9: =IFERROR(VLOOKUP(F9,'Personel Bilgi'!A:E,5,0),"- - -") -> MÜŞTERİ TEMSİLCİSİ | K9: FATURA İŞLEMLERİ | L9: DAVRANIŞ | M9: TAVIR, TARZ YAPMAK, SES YÜKSELTMEK VB. | N9: 45994 | O9: 45996 | P9: YAZILI UYARI YAPILDI | Q9: - | R9: HALİDE PALAVAR | S9: YAPILDI | T9: EVET | U9: 0 | V9: ARALIK | W9: 110707 | X9: =IFERROR(VLOOKUP(W9,'Personel Bilgi'!A:B,2,0),"---") -> MELISA YIGIT | Y9: =IFERROR(VLOOKUP(W9,'Personel Bilgi'!A:C,3,0),"---") -> MUHAMMET AKSU | Z9: =IFERROR(VLOOKUP(X9,'Personel Bilgi'!B:D,3,0),"---") -> KARS | AA9: =IFERROR(VLOOKUP(Y9,'Personel Bilgi'!C:E,3,0),"---") -> MÜŞTERİ TEMSİLCİSİ | AB9: FATURA İŞLEMLERİ | AC9: DAVRANIŞ | AD9: TAVIR, TARZ YAPMAK, SES YÜKSELTMEK VB.
A10: ÇAĞRI MERKEZİ | B10: * 41077155367913 | C10: 5326705837 | D10: BEPSAŞ | E10: =IFERROR(VLOOKUP(D10,Tanımlar!C:D,2,0),"- - -") -> PERAKENDE | F10: 111131 | G10: =IFERROR(VLOOKUP(F10,'Personel Bilgi'!A:B,2,0),"- - - ") -> ASENA BANU SONKURT | H10: =IFERROR(VLOOKUP(F10,'Personel Bilgi'!A:D,3,0),"- - -") -> YAPRAK KARAKOC | I10: =IFERROR(VLOOKUP(F10,'Personel Bilgi'!A:D,4,0),"- - -") -> KARS | J10: =IFERROR(VLOOKUP(F10,'Personel Bilgi'!A:E,5,0),"- - -") -> MÜŞTERİ TEMSİLCİSİ | K10: MÜŞTERİ İŞLEMLERİ | L10: DAVRANIŞ | M10: STANDARDA UYGUN OLMAYAN ÇAĞRI SONLANDIRMA | N10: 45994 | O10: 45996 | P10: GEÇERSİZ ŞİKAYET | Q10: - | R10: HALİDE PALAVAR | S10: YAPILDI | T10: HAYIR | U10: 55 | V10: ARALIK | W10: 210162 | X10: =IFERROR(VLOOKUP(W10,'Personel Bilgi'!A:B,2,0),"---") -> FUNDA YAKISIR | Y10: =IFERROR(VLOOKUP(W10,'Personel Bilgi'!A:C,3,0),"---") -> YAPRAK KARAKOC | Z10: HAYIR | AA10: HATASIZ ÇAĞRI | AB10: MÜŞTERİ İŞLEMLERİ | AC10: DAVRANIŞ | AD10: STANDARDA UYGUN OLMAYAN ÇAĞRI SONLANDIRMA
A11: ÇAĞRI MERKEZİ | B11: * 41077155367913 | C11: 5326705837 | D11: BEPSAŞ | E11: =IFERROR(VLOOKUP(D11,Tanımlar!C:D,2,0),"- - -") -> PERAKENDE | F11: 111098 | G11: =IFERROR(VLOOKUP(F11,'Personel Bilgi'!A:B,2,0),"- - - ") -> YETER DEMIRCI | H11: =IFERROR(VLOOKUP(F11,'Personel Bilgi'!A:D,3,0),"- - -") -> CEYHAN AYRIC | I11: =IFERROR(VLOOKUP(F11,'Personel Bilgi'!A:D,4,0),"- - -") -> KARS | J11: =IFERROR(VLOOKUP(F11,'Personel Bilgi'!A:E,5,0),"- - -") -> MÜŞTERİ TEMSİLCİSİ | K11: MÜŞTERİ İŞLEMLERİ | L11: DAVRANIŞ | M11: MÜŞTERİNİN YÜZÜNE TELEFON KAPATMA | N11: 45994 | O11: 45996 | P11: GEÇERSİZ ŞİKAYET | Q11: - | R11: HALİDE PALAVAR | S11: YAPILDI | T11: EVET | U11: 0 | V11: ARALIK | W11: 210162 | X11: =IFERROR(VLOOKUP(W11,'Personel Bilgi'!A:B,2,0),"---") -> FUNDA YAKISIR | Y11: =IFERROR(VLOOKUP(W11,'Personel Bilgi'!A:C,3,0),"---") -> YAPRAK KARAKOC | Z11: HAYIR | AA11: HATASIZ ÇAĞRI | AB11: MÜŞTERİ İŞLEMLERİ | AC11: DAVRANIŞ | AD11: MÜŞTERİNİN YÜZÜNE TELEFON KAPATMA
A12: ÇAĞRI MERKEZİ | B12: *50785633953374 | C12: 5449182443 | D12: BEDAŞ | E12: =IFERROR(VLOOKUP(D12,Tanımlar!C:D,2,0),"- - -") -> DAĞITIM | F12: 500164 | G12: =IFERROR(VLOOKUP(F12,'Personel Bilgi'!A:B,2,0),"- - - ") -> MUHAMMET TALHA BERKAY TERCANLI | H12: =IFERROR(VLOOKUP(F12,'Personel Bilgi'!A:D,3,0),"- - -") -> KURSAD TERCANLI | I12: =IFERROR(VLOOKUP(F12,'Personel Bilgi'!A:D,4,0),"- - -") -> ERZURUM | J12: =IFERROR(VLOOKUP(F12,'Personel Bilgi'!A:E,5,0),"- - -") -> MÜŞTERİ TEMSİLCİSİ | K12: GENEL TALEPLER | L12: DAVRANIŞ | M12: MÜŞTERİNİN İSTEĞİ DIŞINDA ÇAĞRININ SONLANDIRILMASI | N12: 45992 | O12: 45993 | P12: GEÇERSİZ ŞİKAYET | Q12: - | R12: ŞEYMANUR ÇEVİK | S12: YAPILMADI | T12: HAYIR | U12: - | V12: ARALIK | W12: 111192 | X12: =IFERROR(VLOOKUP(W12,'Personel Bilgi'!A:B,2,0),"---") -> RABIA TEMUR | Y12: =IFERROR(VLOOKUP(W12,'Personel Bilgi'!A:C,3,0),"---") -> MUSTAFA OZAYAG | Z12: HAYIR | AA12: HATASIZ ÇAĞRI | AB12: GENEL TALEPLER | AC12: DAVRANIŞ | AD12: MÜŞTERİNİN İSTEĞİ DIŞINDA ÇAĞRININ SONLANDIRILMASI
A13: ÇAĞRI MERKEZİ | B13: *64468646961494 | C13: 5301327734 | D13: BEDAŞ | E13: =IFERROR(VLOOKUP(D13,Tanımlar!C:D,2,0),"- - -") -> DAĞITIM | F13: 500025 | G13: METEHAN EMRE SIRMALI | H13: METEHAN EMRE SIRMALI | I13: ERZURUM | J13: TAKIM LIDERI | K13: ARIZA | L13: SÜREÇ | M13: YETKİLİYE AKTARMAMA | N13: 45993 | O13: 45993 | P13: GEÇERSİZ ŞİKAYET | Q13: - | R13: ŞEYMANUR ÇEVİK | S13: YAPILMADI | T13: HAYIR | U13: - | V13: ARALIK | W13: 500107 | X13: =IFERROR(VLOOKUP(W13,'Personel Bilgi'!A:B,2,0),"---") -> MERVENUR CELIK | Y13: =IFERROR(VLOOKUP(W13,'Personel Bilgi'!A:C,3,0),"---") -> METEHAN EMRE SIRMALI | Z13: HAYIR | AA13: HATASIZ ÇAĞRI | AB13: ARIZA | AC13: SÜREÇ | AD13: YETKİLİYE AKTARMAMA
A14: ÇAĞRI MERKEZİ | B14: *52922832646944 | C14: 5056692737 | D14: BEDAŞ | E14: =IFERROR(VLOOKUP(D14,Tanımlar!C:D,2,0),"- - -") -> DAĞITIM | F14: 111049 | G14: =IFERROR(VLOOKUP(F14,'Personel Bilgi'!A:B,2,0),"- - - ") -> BUSRA YILDIRIM | H14: =IFERROR(VLOOKUP(F14,'Personel Bilgi'!A:D,3,0),"- - -") -> YAREN OZAYAG | I14: =IFERROR(VLOOKUP(F14,'Personel Bilgi'!A:D,4,0),"- - -") -> KARS | J14: =IFERROR(VLOOKUP(F14,'Personel Bilgi'!A:E,5,0),"- - -") -> MÜŞTERİ TEMSİLCİSİ | K14: AYDINLATMA | L14: ÜRÜN | M14: HATALI / EKSİK AYDINLATMA BİLGİLENDİRMESİ | N14: 45993 | O14: 45993 | P14: GEÇERSİZ ŞİKAYET | Q14: - | R14: ŞEYMANUR ÇEVİK | S14: YAPILDI | T14: HAYIR | U14: 100 | V14: ARALIK | W14: 500083 | X14: =IFERROR(VLOOKUP(W14,'Personel Bilgi'!A:B,2,0),"---") -> SEDANUR ARSLAN | Y14: =IFERROR(VLOOKUP(W14,'Personel Bilgi'!A:C,3,0),"---") -> SALTUK BUGRAHAN TAYMUS | Z14: HAYIR | AA14: HATASIZ ÇAĞRI | AB14: AYDINLATMA | AC14: ÜRÜN | AD14: HATALI / EKSİK AYDINLATMA BİLGİLENDİRMESİ
A15: ÇAĞRI MERKEZİ | B15: *08792139248286 | C15: 5010881907 | D15: BEDAŞ | E15: =IFERROR(VLOOKUP(D15,Tanımlar!C:D,2,0),"- - -") -> DAĞITIM | F15: 600189 | G15: MEHMET ALI SAVAN | H15: MEHMET ALI SAVAN | I15: =IFERROR(VLOOKUP(F15,'Personel Bilgi'!A:D,4,0),"- - -") -> ERZURUM | J15: TAKIM LIDERI | K15: MÜŞTERİ HİZMETLERİ | L15: SÜREÇ | M15: YETKİLİYE AKTARMAMA | N15: 45993 | O15: 45993 | P15: GEÇERSİZ ŞİKAYET | Q15: - | R15: ŞEYMANUR ÇEVİK | S15: YAPILMADI | T15: HAYIR | U15: - | V15: ARALIK | W15: 500049 | X15: =IFERROR(VLOOKUP(W15,'Personel Bilgi'!A:B,2,0),"---") -> FERHAT ATICI | Y15: =IFERROR(VLOOKUP(W15,'Personel Bilgi'!A:C,3,0),"---") -> MEHMET ALI SAVAN | Z15: HAYIR | AA15: HATASIZ ÇAĞRI | AB15: MÜŞTERİ HİZMETLERİ | AC15: SÜREÇ | AD15: YETKİLİYE AKTARMAMA
A16: ÇAĞRI MERKEZİ | B16: *41276545567359 | C16: 5010881907 | D16: BEDAŞ | E16: =IFERROR(VLOOKUP(D16,Tanımlar!C:D,2,0),"- - -") -> DAĞITIM | F16: 500065 | G16: =IFERROR(VLOOKUP(F16,'Personel Bilgi'!A:B,2,0),"- - - ") -> BATUHAN GULER | H16: =IFERROR(VLOOKUP(F16,'Personel Bilgi'!A:D,3,0),"- - -") -> SALTUK BUGRAHAN TAYMUS | I16: =IFERROR(VLOOKUP(F16,'Personel Bilgi'!A:D,4,0),"- - -") -> ERZURUM | J16: =IFERROR(VLOOKUP(F16,'Personel Bilgi'!A:E,5,0),"- - -") -> MÜŞTERİ TEMSİLCİSİ | K16: MÜŞTERİ HİZMETLERİ | L16: SÜREÇ | M16: YETKİLİYE AKTARMAMA | N16: 45993 | O16: 45993 | P16: SÖZLÜ UYARI YAPILDI | Q16: - | R16: ŞEYMANUR ÇEVİK | S16: YAPILDI | T16: EVET | U16: 0 | V16: ARALIK | W16: 500049 | X16: =IFERROR(VLOOKUP(W16,'Personel Bilgi'!A:B,2,0),"---") -> FERHAT ATICI | Y16: =IFERROR(VLOOKUP(W16,'Personel Bilgi'!A:C,3,0),"---") -> MEHMET ALI SAVAN | Z16: HAYIR | AA16: HATASIZ ÇAĞRI | AB16: MÜŞTERİ HİZMETLERİ | AC16: SÜREÇ | AD16: YETKİLİYE AKTARMAMA
A17: ÇAĞRI MERKEZİ | B17: * 41077155367913 | C17: 5326705837 | D17: BEPSAŞ | E17: =IFERROR(VLOOKUP(D17,Tanımlar!C:D,2,0),"- - -") -> PERAKENDE | F17: 600657 | G17: =IFERROR(VLOOKUP(F17,'Personel Bilgi'!A:B,2,0),"- - - ") -> SEHER ERCAN | H17: =IFERROR(VLOOKUP(F17,'Personel Bilgi'!A:D,3,0),"- - -") -> FERHAT DEMIR | I17: =IFERROR(VLOOKUP(F17,'Personel Bilgi'!A:D,4,0),"- - -") -> ANKARA | J17: =IFERROR(VLOOKUP(F17,'Personel Bilgi'!A:E,5,0),"- - -") -> MÜŞTERİ TEMSİLCİSİ | K17: MÜŞTERİ HİZMETLERİ | L17: SÜREÇ | M17: MÜŞTERİ TALEBİNE YARDIMCI OLMAMASI | N17: 45994 | O17: 45999 | P17: GEÇERSİZ ŞİKAYET | Q17: - | R17: HALİDE PALAVAR | S17: YAPILDI | T17: HAYIR | U17: 90 | V17: ARALIK | W17: 210162 | X17: =IFERROR(VLOOKUP(W17,'Personel Bilgi'!A:B,2,0),"---") -> FUNDA YAKISIR | Y17: =IFERROR(VLOOKUP(W17,'Personel Bilgi'!A:C,3,0),"---") -> YAPRAK KARAKOC | Z17: HAYIR | AA17: HATASIZ ÇAĞRI | AB17: MÜŞTERİ HİZMETLERİ | AC17: SÜREÇ | AD17: MÜŞTERİ TALEBİNE YARDIMCI OLMAMASI
A18: ÇAĞRI MERKEZİ | B18: *82256775727712 | C18: 5300869157 | D18: BEDAŞ | E18: =IFERROR(VLOOKUP(D18,Tanımlar!C:D,2,0),"- - -") -> DAĞITIM | F18: 111197 | G18: =IFERROR(VLOOKUP(F18,'Personel Bilgi'!A:B,2,0),"- - - ") -> SONGUL YAGCI | H18: =IFERROR(VLOOKUP(F18,'Personel Bilgi'!A:D,3,0),"- - -") -> SEDA SEBU | I18: =IFERROR(VLOOKUP(F18,'Personel Bilgi'!A:D,4,0),"- - -") -> KARS | J18: =IFERROR(VLOOKUP(F18,'Personel Bilgi'!A:E,5,0),"- - -") -> MÜŞTERİ TEMSİLCİSİ | K18: ARIZA | L18: ÜRÜN | M18: HATALI / EKSİK KESİNTİ SÜREÇLERİ BİLGİLENDİRMESİ | N18: 45996 | O18: 45999 | P18: GEÇERSİZ ŞİKAYET | Q18: - | R18: HALİDE PALAVAR | S18: YAPILDI | T18: HAYIR | V18: ARALIK | W18: 500167 | X18: =IFERROR(VLOOKUP(W18,'Personel Bilgi'!A:B,2,0),"---") -> NEVA OZMEN | Y18: =IFERROR(VLOOKUP(W18,'Personel Bilgi'!A:C,3,0),"---") -> KURSAD TERCANLI | Z18: HAYIR | AA18: HATASIZ ÇAĞRI | AB18: ARIZA | AC18: ÜRÜN | AD18: HATALI / EKSİK KESİNTİ SÜREÇLERİ BİLGİLENDİRMESİ
A19: ÇAĞRI MERKEZİ | B19: *82256775727712 | C19: 5300869157 | D19: BEDAŞ | E19: =IFERROR(VLOOKUP(D19,Tanımlar!C:D,2,0),"- - -") -> DAĞITIM | F19: 111199 | G19: =IFERROR(VLOOKUP(F19,'Personel Bilgi'!A:B,2,0),"- - - ") -> UMMUGULSUM BEKI | H19: =IFERROR(VLOOKUP(F19,'Personel Bilgi'!A:D,3,0),"- - -") -> MUHAMMET AKSU | I19: =IFERROR(VLOOKUP(F19,'Personel Bilgi'!A:D,4,0),"- - -") -> KARS | J19: =IFERROR(VLOOKUP(F19,'Personel Bilgi'!A:E,5,0),"- - -") -> MÜŞTERİ TEMSİLCİSİ | K19: ARIZA | L19: ÜRÜN | M19: HATALI / EKSİK KESİNTİ SÜREÇLERİ BİLGİLENDİRMESİ | N19: 45996 | O19: 45999 | P19: SÖZLÜ UYARI YAPILDI | Q19: - | R19: HALİDE PALAVAR | S19: YAPILDI | T19: EVET | U19: 0 | V19: ARALIK | W19: 500167 | X19: =IFERROR(VLOOKUP(W19,'Personel Bilgi'!A:B,2,0),"---") -> NEVA OZMEN | Y19: =IFERROR(VLOOKUP(W19,'Personel Bilgi'!A:C,3,0),"---") -> KURSAD TERCANLI | Z19: HAYIR | AA19: HATASIZ ÇAĞRI | AB19: ARIZA | AC19: ÜRÜN | AD19: HATALI / EKSİK KESİNTİ SÜREÇLERİ BİLGİLENDİRMESİ
A20: ÇAĞRI MERKEZİ | B20: * 06692573271774 | C20: 5530630004 | D20: BEDAŞ | E20: =IFERROR(VLOOKUP(D20,Tanımlar!C:D,2,0),"- - -") -> DAĞITIM | F20: 600189 | G20: =IFERROR(VLOOKUP(F20,'Personel Bilgi'!A:B,2,0),"- - - ") -> MEHMET ALI SAVAN | H20: =IFERROR(VLOOKUP(F20,'Personel Bilgi'!A:D,3,0),"- - -") -> MEHMET ALI SAVAN | I20: =IFERROR(VLOOKUP(F20,'Personel Bilgi'!A:D,4,0),"- - -") -> ERZURUM | J20: =IFERROR(VLOOKUP(F20,'Personel Bilgi'!A:E,5,0),"- - -") -> TAKIM LİDERİ | K20: ARIZA | L20: SÜREÇ | M20: YETKİLİYE AKTARMAMA | N20: 45998 | O20: 45999 | P20: GEÇERSİZ ŞİKAYET | Q20: - | R20: HALİDE PALAVAR | S20: YAPILMADI | T20: HAYIR | U20: - | V20: ARALIK | W20: 110471 | X20: =IFERROR(VLOOKUP(W20,'Personel Bilgi'!A:B,2,0),"---") -> TUGBA DEMIR | Y20: =IFERROR(VLOOKUP(W20,'Personel Bilgi'!A:C,3,0),"---") -> ERCUMENT GUNESSU | Z20: HAYIR | AA20: HATASIZ ÇAĞRI | AB20: ARIZA | AC20: SÜREÇ | AD20: YETKİLİYE AKTARMAMA
A21: ÇAĞRI MERKEZİ | B21: * 29588671274849 | C21: 5437876246 | D21: BEDAŞ | E21: =IFERROR(VLOOKUP(D21,Tanımlar!C:D,2,0),"- - -") -> DAĞITIM | F21: 500132 | G21: =IFERROR(VLOOKUP(F21,'Personel Bilgi'!A:B,2,0),"- - - ") -> SONGUL BEKCI | H21: =IFERROR(VLOOKUP(F21,'Personel Bilgi'!A:D,3,0),"- - -") -> TURGUT AKDAG | I21: =IFERROR(VLOOKUP(F21,'Personel Bilgi'!A:D,4,0),"- - -") -> ERZURUM | J21: =IFERROR(VLOOKUP(F21,'Personel Bilgi'!A:E,5,0),"- - -") -> MÜŞTERİ TEMSİLCİSİ | K21: GENEL TALEPLER | L21: DAVRANIŞ | M21: MÜŞTERİNİN YÜZÜNE TELEFON KAPATMA | N21: 45997 | O21: 45999 | P21: GEÇERSİZ ŞİKAYET | Q21: - | R21: HALİDE PALAVAR | S21: YAPILMADI | T21: HAYIR | U21: - | V21: ARALIK | W21: 500131 | X21: =IFERROR(VLOOKUP(W21,'Personel Bilgi'!A:B,2,0),"---") -> SIBEL ATES | Y21: =IFERROR(VLOOKUP(W21,'Personel Bilgi'!A:C,3,0),"---") -> TURGUT AKDAG | Z21: HAYIR | AA21: HATASIZ ÇAĞRI | AB21: GENEL TALEPLER | AC21: DAVRANIŞ | AD21: MÜŞTERİNİN YÜZÜNE TELEFON KAPATMA
A22: ÇAĞRI MERKEZİ | B22: * 29588671274849 | C22: 5437876246 | D22: BEDAŞ | E22: =IFERROR(VLOOKUP(D22,Tanımlar!C:D,2,0),"- - -") -> DAĞITIM | F22: 500145 | G22: =IFERROR(VLOOKUP(F22,'Personel Bilgi'!A:B,2,0),"- - - ") -> BELMA ONAL | H22: =IFERROR(VLOOKUP(F22,'Personel Bilgi'!A:D,3,0),"- - -") -> KURSAD TERCANLI | I22: =IFERROR(VLOOKUP(F22,'Personel Bilgi'!A:D,4,0),"- - -") -> ERZURUM | J22: =IFERROR(VLOOKUP(F22,'Personel Bilgi'!A:E,5,0),"- - -") -> MÜŞTERİ TEMSİLCİSİ | K22: GENEL TALEPLER | L22: DAVRANIŞ | M22: MÜŞTERİNİN YÜZÜNE TELEFON KAPATMA | N22: 45997 | O22: 45999 | P22: GEÇERSİZ ŞİKAYET | Q22: - | R22: HALİDE PALAVAR | S22: YAPILMADI | T22: HAYIR | U22: - | V22: ARALIK | W22: 500131 | X22: =IFERROR(VLOOKUP(W22,'Personel Bilgi'!A:B,2,0),"---") -> SIBEL ATES | Y22: =IFERROR(VLOOKUP(W22,'Personel Bilgi'!A:C,3,0),"---") -> TURGUT AKDAG | Z22: HAYIR | AA22: HATASIZ ÇAĞRI | AB22: GENEL TALEPLER | AC22: DAVRANIŞ | AD22: MÜŞTERİNİN YÜZÜNE TELEFON KAPATMA
A23: ÇAĞRI MERKEZİ | B23: * 29588671274849 | C23: 5437876246 | D23: BEDAŞ | E23: =IFERROR(VLOOKUP(D23,Tanımlar!C:D,2,0),"- - -") -> DAĞITIM | F23: 500186 | G23: =IFERROR(VLOOKUP(F23,'Personel Bilgi'!A:B,2,0),"- - - ") -> MUHAMMET TALHA ATAY | H23: =IFERROR(VLOOKUP(F23,'Personel Bilgi'!A:D,3,0),"- - -") -> TURGUT AKDAG | I23: =IFERROR(VLOOKUP(F23,'Personel Bilgi'!A:D,4,0),"- - -") -> ERZURUM | J23: =IFERROR(VLOOKUP(F23,'Personel Bilgi'!A:E,5,0),"- - -") -> MÜŞTERİ TEMSİLCİSİ | K23: ARIZA | L23: DAVRANIŞ | M23: MÜŞTERİNİN YÜZÜNE TELEFON KAPATMA | N23: 45997 | O23: 45999 | P23: GEÇERSİZ ŞİKAYET | Q23: - | R23: HALİDE PALAVAR | S23: YAPILMADI | T23: HAYIR | U23: - | V23: ARALIK | W23: 500131 | X23: =IFERROR(VLOOKUP(W23,'Personel Bilgi'!A:B,2,0),"---") -> SIBEL ATES | Y23: =IFERROR(VLOOKUP(W23,'Personel Bilgi'!A:C,3,0),"---") -> TURGUT AKDAG | Z23: HAYIR | AA23: HATASIZ ÇAĞRI | AB23: ARIZA | AC23: DAVRANIŞ | AD23: MÜŞTERİNİN YÜZÜNE TELEFON KAPATMA
A24: ÇAĞRI MERKEZİ | B24: *80569015951776 | C24: 5451348223 | D24: BEDAŞ | E24: =IFERROR(VLOOKUP(D24,Tanımlar!C:D,2,0),"- - -") -> DAĞITIM | F24: 600611 | G24: =IFERROR(VLOOKUP(F24,'Personel Bilgi'!A:B,2,0),"- - - ") -> ZEYNEP KOC | H24: =IFERROR(VLOOKUP(F24,'Personel Bilgi'!A:D,3,0),"- - -") -> FERHAT DEMIR | I24: =IFERROR(VLOOKUP(F24,'Personel Bilgi'!A:D,4,0),"- - -") -> ANKARA | J24: =IFERROR(VLOOKUP(F24,'Personel Bilgi'!A:E,5,0),"- - -") -> MÜŞTERİ TEMSİLCİSİ | K24: AYDINLATMA | L24: DAVRANIŞ | M24: TAVIR, TARZ YAPMAK, SES YÜKSELTMEK VB. | N24: 45997 | O24: 45999 | P24: GEÇERSİZ ŞİKAYET | Q24: - | R24: HALİDE PALAVAR | S24: YAPILDI | T24: HAYIR | U24: 90 | V24: ARALIK | W24: 500131 | X24: =IFERROR(VLOOKUP(W24,'Personel Bilgi'!A:B,2,0),"---") -> SIBEL ATES | Y24: =IFERROR(VLOOKUP(W24,'Personel Bilgi'!A:C,3,0),"---") -> TURGUT AKDAG | Z24: HAYIR | AA24: HATASIZ ÇAĞRI | AB24: AYDINLATMA | AC24: DAVRANIŞ | AD24: TAVIR, TARZ YAPMAK, SES YÜKSELTMEK VB.
A25: ÇAĞRI MERKEZİ | B25: *68159114921115 | C25: 5323228156 | D25: BEDAŞ | E25: =IFERROR(VLOOKUP(D25,Tanımlar!C:D,2,0),"- - -") -> DAĞITIM | F25: 500071 | G25: =IFERROR(VLOOKUP(F25,'Personel Bilgi'!A:B,2,0),"- - - ") -> IREM GOKÇE KATRANLI | H25: =IFERROR(VLOOKUP(F25,'Personel Bilgi'!A:D,3,0),"- - -") -> SALTUK BUGRAHAN TAYMUS | I25: =IFERROR(VLOOKUP(F25,'Personel Bilgi'!A:D,4,0),"- - -") -> ERZURUM | J25: =IFERROR(VLOOKUP(F25,'Personel Bilgi'!A:E,5,0),"- - -") -> MÜŞTERİ TEMSİLCİSİ | K25: GENEL TALEPLER | L25: DAVRANIŞ | M25: MÜŞTERİNİN YÜZÜNE TELEFON KAPATMA | N25: 45997 | O25: 45999 | P25: GEÇERSİZ ŞİKAYET | Q25: - | R25: HALİDE PALAVAR | S25: YAPILMADI | T25: HAYIR | U25: - | V25: ARALIK | W25: 111232 | X25: =IFERROR(VLOOKUP(W25,'Personel Bilgi'!A:B,2,0),"---") -> HASAN FURKAN ASLAN | Y25: =IFERROR(VLOOKUP(W25,'Personel Bilgi'!A:C,3,0),"---") -> SAFAK TOPTAS | Z25: HAYIR | AA25: HATASIZ ÇAĞRI | AB25: GENEL TALEPLER | AC25: DAVRANIŞ | AD25: MÜŞTERİNİN YÜZÜNE TELEFON KAPATMA
A26: ÇAĞRI MERKEZİ | B26: *18106198896754 | C26: 5053843964 | D26: BEDAŞ | E26: =IFERROR(VLOOKUP(D26,Tanımlar!C:D,2,0),"- - -") -> DAĞITIM | F26: 500049 | G26: =IFERROR(VLOOKUP(F26,'Personel Bilgi'!A:B,2,0),"- - - ") -> FERHAT ATICI | H26: =IFERROR(VLOOKUP(F26,'Personel Bilgi'!A:D,3,0),"- - -") -> MEHMET ALI SAVAN | I26: =IFERROR(VLOOKUP(F26,'Personel Bilgi'!A:D,4,0),"- - -") -> ERZURUM | J26: =IFERROR(VLOOKUP(F26,'Personel Bilgi'!A:E,5,0),"- - -") -> MÜŞTERİ TEMSİLCİSİ | K26: AYDINLATMA | L26: TEŞEKKÜR | M26: MÜŞTERİ TEMSİLCİSİNE TEŞEKKÜR | N26: 45998 | O26: 45999 | P26: GEÇERSİZ TEŞEKKÜR | Q26: - | R26: HALİDE PALAVAR | S26: YAPILDI | T26: HAYIR | U26: 83 | V26: ARALIK | W26: 500049 | X26: =IFERROR(VLOOKUP(W26,'Personel Bilgi'!A:B,2,0),"---") -> FERHAT ATICI | Y26: =IFERROR(VLOOKUP(W26,'Personel Bilgi'!A:C,3,0),"---") -> MEHMET ALI SAVAN | Z26: EVET | AA26: HATALI / EKSİK BİLGİ VERME | AB26: AYDINLATMA | AC26: TEŞEKKÜR | AD26: MÜŞTERİ TEMSİLCİSİNE TEŞEKKÜR
A27: ÇAĞRI MERKEZİ | B27: *34361350757979 | C27: 5459063289 | D27: BEDAŞ | E27: =IFERROR(VLOOKUP(D27,Tanımlar!C:D,2,0),"- - -") -> DAĞITIM | F27: 111241 | G27: =IFERROR(VLOOKUP(F27,'Personel Bilgi'!A:B,2,0),"- - - ") -> GURKAN KILDIS | H27: =IFERROR(VLOOKUP(F27,'Personel Bilgi'!A:D,3,0),"- - -") -> YAPRAK KARAKOC | I27: =IFERROR(VLOOKUP(F27,'Personel Bilgi'!A:D,4,0),"- - -") -> KARS | J27: =IFERROR(VLOOKUP(F27,'Personel Bilgi'!A:E,5,0),"- - -") -> MÜŞTERİ TEMSİLCİSİ | K27: GENEL TALEPLER | L27: DAVRANIŞ | M27: MÜŞTERİNİN YÜZÜNE TELEFON KAPATMA | N27: 45998 | O27: 45999 | P27: GEÇERSİZ ŞİKAYET | Q27: - | R27: HALİDE PALAVAR | S27: YAPILMADI | T27: HAYIR | U27: - | V27: ARALIK | W27: 111243 | X27: =IFERROR(VLOOKUP(W27,'Personel Bilgi'!A:B,2,0),"---") -> FATMA SENA SEFEROGLU | Y27: =IFERROR(VLOOKUP(W27,'Personel Bilgi'!A:C,3,0),"---") -> SAFAK TOPTAS | Z27: HAYIR | AA27: HATASIZ ÇAĞRI | AB27: GENEL TALEPLER | AC27: DAVRANIŞ | AD27: MÜŞTERİNİN YÜZÜNE TELEFON KAPATMA
A28: ÇAĞRI MERKEZİ | B28: *60636296490951 | C28: 5348736898 | D28: BEDAŞ | E28: =IFERROR(VLOOKUP(D28,Tanımlar!C:D,2,0),"- - -") -> DAĞITIM | F28: 110742 | G28: =IFERROR(VLOOKUP(F28,'Personel Bilgi'!A:B,2,0),"- - - ") -> HANDE KOC | H28: =IFERROR(VLOOKUP(F28,'Personel Bilgi'!A:D,3,0),"- - -") -> YAPRAK KARAKOC | I28: =IFERROR(VLOOKUP(F28,'Personel Bilgi'!A:D,4,0),"- - -") -> KARS | J28: =IFERROR(VLOOKUP(F28,'Personel Bilgi'!A:E,5,0),"- - -") -> MÜŞTERİ TEMSİLCİSİ | K28: ARIZA | L28: ÜRÜN | M28: HATALI / EKSİK KESİNTİ SÜREÇLERİ BİLGİLENDİRMESİ | N28: 45998 | O28: 45999 | P28: GEÇERSİZ ŞİKAYET | Q28: - | R28: HALİDE PALAVAR | S28: YAPILDI | T28: EVET | U28: 0 | V28: ARALIK | W28: 500048 | X28: =IFERROR(VLOOKUP(W28,'Personel Bilgi'!A:B,2,0),"---") -> FATMA NUR TASBASI | Y28: =IFERROR(VLOOKUP(W28,'Personel Bilgi'!A:C,3,0),"---") -> MEHMET ALI SAVAN | Z28: HAYIR | AA28: HATASIZ ÇAĞRI | AB28: ARIZA | AC28: ÜRÜN | AD28: HATALI / EKSİK KESİNTİ SÜREÇLERİ BİLGİLENDİRMESİ
A29: ÇAĞRI MERKEZİ | B29: * 32179803957511 | C29: 5331525050 | D29: BEDAŞ | E29: =IFERROR(VLOOKUP(D29,Tanımlar!C:D,2,0),"- - -") -> DAĞITIM | F29: 600617 | G29: =IFERROR(VLOOKUP(F29,'Personel Bilgi'!A:B,2,0),"- - - ") -> ELMAS AKSOY | H29: =IFERROR(VLOOKUP(F29,'Personel Bilgi'!A:D,3,0),"- - -") -> İNAN UMUT ÖRNEK | I29: =IFERROR(VLOOKUP(F29,'Personel Bilgi'!A:D,4,0),"- - -") -> ANKARA | J29: =IFERROR(VLOOKUP(F29,'Personel Bilgi'!A:E,5,0),"- - -") -> MÜŞTERİ TEMSİLCİSİ | K29: ARIZA | L29: ÜRÜN | M29: HATALI / EKSİK KESİNTİ SÜREÇLERİ BİLGİLENDİRMESİ | N29: 45998 | O29: 45999 | P29: GEÇERSİZ ŞİKAYET | Q29: - | R29: HALİDE PALAVAR | S29: YAPILDI | T29: HAYIR | U29: 100 | V29: ARALIK | W29: 111123 | X29: =IFERROR(VLOOKUP(W29,'Personel Bilgi'!A:B,2,0),"---") -> OZNUR KIRTAY | Y29: =IFERROR(VLOOKUP(W29,'Personel Bilgi'!A:C,3,0),"---") -> SEDA SEBU | Z29: HAYIR | AA29: HATASIZ ÇAĞRI | AB29: ARIZA | AC29: ÜRÜN | AD29: HATALI / EKSİK KESİNTİ SÜREÇLERİ BİLGİLENDİRMESİ
A30: ÇAĞRI MERKEZİ | B30: * 32179803957511 | C30: 5331525050 | D30: BEDAŞ | E30: =IFERROR(VLOOKUP(D30,Tanımlar!C:D,2,0),"- - -") -> DAĞITIM | F30: 600524 | G30: =IFERROR(VLOOKUP(F30,'Personel Bilgi'!A:B,2,0),"- - - ") -> MELIKE NAZIK SAHIN | H30: =IFERROR(VLOOKUP(F30,'Personel Bilgi'!A:D,3,0),"- - -") -> FERHAT DEMIR | I30: =IFERROR(VLOOKUP(F30,'Personel Bilgi'!A:D,4,0),"- - -") -> ANKARA | J30: =IFERROR(VLOOKUP(F30,'Personel Bilgi'!A:E,5,0),"- - -") -> TAKIM LİDERİ | K30: ARIZA | L30: ÜRÜN | M30: HATALI / EKSİK KESİNTİ SÜREÇLERİ BİLGİLENDİRMESİ | N30: 45998 | O30: 45999 | P30: SÖZLÜ UYARI YAPILDI | Q30: - | R30: HALİDE PALAVAR | S30: YAPILDI | T30: EVET | U30: 0 | V30: ARALIK | W30: 111123 | X30: =IFERROR(VLOOKUP(W30,'Personel Bilgi'!A:B,2,0),"---") -> OZNUR KIRTAY | Y30: =IFERROR(VLOOKUP(W30,'Personel Bilgi'!A:C,3,0),"---") -> SEDA SEBU | Z30: HAYIR | AA30: HATASIZ ÇAĞRI | AB30: ARIZA | AC30: ÜRÜN | AD30: HATALI / EKSİK KESİNTİ SÜREÇLERİ BİLGİLENDİRMESİ
A31: ÇAĞRI MERKEZİ | B31: * 32179803957511 | C31: 5331525050 | D31: BEDAŞ | E31: =IFERROR(VLOOKUP(D31,Tanımlar!C:D,2,0),"- - -") -> DAĞITIM | F31: 210169 | G31: =IFERROR(VLOOKUP(F31,'Personel Bilgi'!A:B,2,0),"- - - ") -> NAIM UREYIL | H31: =IFERROR(VLOOKUP(F31,'Personel Bilgi'!A:D,3,0),"- - -") -> SAFAK TOPTAS | I31: =IFERROR(VLOOKUP(F31,'Personel Bilgi'!A:D,4,0),"- - -") -> KARS | J31: =IFERROR(VLOOKUP(F31,'Personel Bilgi'!A:E,5,0),"- - -") -> MÜŞTERİ TEMSİLCİSİ | K31: ARIZA | L31: ÜRÜN | M31: HATALI / EKSİK KESİNTİ SÜREÇLERİ BİLGİLENDİRMESİ | N31: 45998 | O31: 45999 | P31: GEÇERSİZ ŞİKAYET | Q31: - | R31: HALİDE PALAVAR | S31: YAPILDI | T31: EVET | U31: 0 | V31: ARALIK | W31: 111123 | X31: =IFERROR(VLOOKUP(W31,'Personel Bilgi'!A:B,2,0),"---") -> OZNUR KIRTAY | Y31: =IFERROR(VLOOKUP(W31,'Personel Bilgi'!A:C,3,0),"---") -> SEDA SEBU | Z31: HAYIR | AA31: HATASIZ ÇAĞRI | AB31: ARIZA | AC31: ÜRÜN | AD31: HATALI / EKSİK KESİNTİ SÜREÇLERİ BİLGİLENDİRMESİ
A32: ÇAĞRI MERKEZİ | B32: * 32179803957511 | C32: 5331525050 | D32: BEDAŞ | E32: =IFERROR(VLOOKUP(D32,Tanımlar!C:D,2,0),"- - -") -> DAĞITIM | F32: 210373 | G32: =IFERROR(VLOOKUP(F32,'Personel Bilgi'!A:B,2,0),"- - - ") -> MEHTAP KIRTAY | H32: =IFERROR(VLOOKUP(F32,'Personel Bilgi'!A:D,3,0),"- - -") -> MUSTAFA OZAYAG | I32: =IFERROR(VLOOKUP(F32,'Personel Bilgi'!A:D,4,0),"- - -") -> KARS | J32: =IFERROR(VLOOKUP(F32,'Personel Bilgi'!A:E,5,0),"- - -") -> MÜŞTERİ TEMSİLCİSİ | K32: ARIZA | L32: ÜRÜN | M32: HATALI / EKSİK KESİNTİ SÜREÇLERİ BİLGİLENDİRMESİ | N32: 45998 | O32: 45999 | P32: GEÇERSİZ ŞİKAYET | Q32: - | R32: HALİDE PALAVAR | S32: YAPILDI | T32: HAYIR | U32: 100 | V32: ARALIK | W32: 111123 | X32: =IFERROR(VLOOKUP(W32,'Personel Bilgi'!A:B,2,0),"---") -> OZNUR KIRTAY | Y32: =IFERROR(VLOOKUP(W32,'Personel Bilgi'!A:C,3,0),"---") -> SEDA SEBU | Z32: HAYIR | AA32: HATASIZ ÇAĞRI | AB32: ARIZA | AC32: ÜRÜN | AD32: HATALI / EKSİK KESİNTİ SÜREÇLERİ BİLGİLENDİRMESİ
A33: ÇAĞRI MERKEZİ | B33: *82245115182129 | C33: 5466354881 | D33: BEDAŞ | E33: =IFERROR(VLOOKUP(D33,Tanımlar!C:D,2,0),"- - -") -> DAĞITIM | F33: 110852 | G33: =IFERROR(VLOOKUP(F33,'Personel Bilgi'!A:B,2,0),"- - - ") -> UGURCAN ALTUNTERIM | H33: =IFERROR(VLOOKUP(F33,'Personel Bilgi'!A:D,3,0),"- - -") -> SEDA SEBU | I33: =IFERROR(VLOOKUP(F33,'Personel Bilgi'!A:D,4,0),"- - -") -> KARS | J33: =IFERROR(VLOOKUP(F33,'Personel Bilgi'!A:E,5,0),"- - -") -> MÜŞTERİ TEMSİLCİSİ | K33: ARIZA | L33: ÜRÜN | M33: HATALI / EKSİK KESİNTİ SÜREÇLERİ BİLGİLENDİRMESİ | N33: 45998 | O33: 45999 | P33: SÖZLÜ UYARI YAPILDI | Q33: - | R33: HALİDE PALAVAR | S33: YAPILDI | T33: HAYIR | U33: 75 | V33: ARALIK | W33: 600468 | X33: =IFERROR(VLOOKUP(W33,'Personel Bilgi'!A:B,2,0),"---") -> FATMA NUR SAHIN | Y33: =IFERROR(VLOOKUP(W33,'Personel Bilgi'!A:C,3,0),"---") -> İNAN UMUT ÖRNEK | Z33: HAYIR | AA33: HATASIZ ÇAĞRI | AB33: ARIZA | AC33: ÜRÜN | AD33: HATALI / EKSİK KESİNTİ SÜREÇLERİ BİLGİLENDİRMESİ
A34: ÇAĞRI MERKEZİ | B34: *82245115182129 | C34: 5466354881 | D34: BEDAŞ | E34: =IFERROR(VLOOKUP(D34,Tanımlar!C:D,2,0),"- - -") -> DAĞITIM | F34: 110484 | G34: =IFERROR(VLOOKUP(F34,'Personel Bilgi'!A:B,2,0),"- - - ") -> BIRAN ZAKKUM IVAK | H34: =IFERROR(VLOOKUP(F34,'Personel Bilgi'!A:D,3,0),"- - -") -> YAREN OZAYAG | I34: =IFERROR(VLOOKUP(F34,'Personel Bilgi'!A:D,4,0),"- - -") -> KARS | J34: =IFERROR(VLOOKUP(F34,'Personel Bilgi'!A:E,5,0),"- - -") -> MÜŞTERİ TEMSİLCİSİ | K34: ARIZA | L34: ÜRÜN | M34: HATALI / EKSİK KESİNTİ SÜREÇLERİ BİLGİLENDİRMESİ | N34: 45998 | O34: 45999 | P34: SÖZLÜ UYARI YAPILDI | Q34: - | R34: HALİDE PALAVAR | S34: YAPILDI | T34: HAYIR | U34: 75 | V34: ARALIK | W34: 110484 | X34: =IFERROR(VLOOKUP(W34,'Personel Bilgi'!A:B,2,0),"---") -> BIRAN ZAKKUM IVAK | Y34: =IFERROR(VLOOKUP(W34,'Personel Bilgi'!A:C,3,0),"---") -> YAREN OZAYAG | Z34: EVET | AA34: HATALI / EKSİK BİLGİ VERME | AB34: ARIZA | AC34: ÜRÜN | AD34: HATALI / EKSİK KESİNTİ SÜREÇLERİ BİLGİLENDİRMESİ
A35: ÇAĞRI MERKEZİ | B35: * 10587420598190 | C35: 5437723109 | D35: ÇEDAŞ | E35: =IFERROR(VLOOKUP(D35,Tanımlar!C:D,2,0),"- - -") -> DAĞITIM | F35: 110539 | G35: =IFERROR(VLOOKUP(F35,'Personel Bilgi'!A:B,2,0),"- - - ") -> TAYLAN OZGUR DURMUS | H35: =IFERROR(VLOOKUP(F35,'Personel Bilgi'!A:D,3,0),"- - -") -> YAREN OZAYAG | I35: =IFERROR(VLOOKUP(F35,'Personel Bilgi'!A:D,4,0),"- - -") -> KARS | J35: =IFERROR(VLOOKUP(F35,'Personel Bilgi'!A:E,5,0),"- - -") -> MÜŞTERİ TEMSİLCİSİ | K35: ARIZA | L35: DAVRANIŞ | M35: TAVIR, TARZ YAPMAK, SES YÜKSELTMEK VB. | N35: 45996 | O35: 46000 | P35: YAZILI UYARI YAPILDI | Q35: - | R35: HALİDE PALAVAR | S35: YAPILDI | T35: EVET | U35: 0 | V35: ARALIK | W35: 111239 | X35: =IFERROR(VLOOKUP(W35,'Personel Bilgi'!A:B,2,0),"---") -> HIRANUR KALKAN | Y35: =IFERROR(VLOOKUP(W35,'Personel Bilgi'!A:C,3,0),"---") -> SEVCAN BULUT | Z35: HAYIR | AA35: HATASIZ ÇAĞRI | AB35: ARIZA | AC35: DAVRANIŞ | AD35: TAVIR, TARZ YAPMAK, SES YÜKSELTMEK VB.
A36: ÇAĞRI MERKEZİ | B36: * 10587420598190 | C36: 5437723109 | D36: ÇEDAŞ | E36: =IFERROR(VLOOKUP(D36,Tanımlar!C:D,2,0),"- - -") -> DAĞITIM | F36: 111252 | G36: =IFERROR(VLOOKUP(F36,'Personel Bilgi'!A:B,2,0),"- - - ") -> BARAN KOYUNCU | H36: =IFERROR(VLOOKUP(F36,'Personel Bilgi'!A:D,3,0),"- - -") -> YAREN OZAYAG | I36: =IFERROR(VLOOKUP(F36,'Personel Bilgi'!A:D,4,0),"- - -") -> KARS | J36: =IFERROR(VLOOKUP(F36,'Personel Bilgi'!A:E,5,0),"- - -") -> MÜŞTERİ TEMSİLCİSİ | K36: ARIZA | L36: DAVRANIŞ | M36: TAVIR, TARZ YAPMAK, SES YÜKSELTMEK VB. | N36: 45996 | O36: 46000 | P36: SÖZLÜ UYARI YAPILDI | Q36: - | R36: HALİDE PALAVAR | S36: YAPILDI | T36: HAYIR | U36: 41 | V36: ARALIK | W36: 111239 | X36: =IFERROR(VLOOKUP(W36,'Personel Bilgi'!A:B,2,0),"---") -> HIRANUR KALKAN | Y36: =IFERROR(VLOOKUP(W36,'Personel Bilgi'!A:C,3,0),"---") -> SEVCAN BULUT | Z36: HAYIR | AA36: HATASIZ ÇAĞRI | AB36: ARIZA | AC36: DAVRANIŞ | AD36: TAVIR, TARZ YAPMAK, SES YÜKSELTMEK VB.
A37: ÇAĞRI MERKEZİ | B37: * 98692030062890 | C37: 5312590105 | D37: ÇEDAŞ | E37: =IFERROR(VLOOKUP(D37,Tanımlar!C:D,2,0),"- - -") -> DAĞITIM | F37: 111182 | G37: =IFERROR(VLOOKUP(F37,'Personel Bilgi'!A:B,2,0),"- - - ") -> DIDEM KENCU | H37: =IFERROR(VLOOKUP(F37,'Personel Bilgi'!A:D,3,0),"- - -") -> SEVCAN BULUT | I37: =IFERROR(VLOOKUP(F37,'Personel Bilgi'!A:D,4,0),"- - -") -> KARS | J37: =IFERROR(VLOOKUP(F37,'Personel Bilgi'!A:E,5,0),"- - -") -> MÜŞTERİ TEMSİLCİSİ | K37: ARIZA | L37: ÜRÜN | M37: HATALI / EKSİK KESİNTİ SÜREÇLERİ BİLGİLENDİRMESİ | N37: 45996 | O37: 46000 | P37: GEÇERSİZ ŞİKAYET | Q37: - | R37: HALİDE PALAVAR | S37: YAPILDI | T37: EVET | U37: 0 | V37: ARALIK | W37: 111239 | X37: =IFERROR(VLOOKUP(W37,'Personel Bilgi'!A:B,2,0),"---") -> HIRANUR KALKAN | Y37: =IFERROR(VLOOKUP(W37,'Personel Bilgi'!A:C,3,0),"---") -> SEVCAN BULUT | Z37: HAYIR | AA37: HATASIZ ÇAĞRI | AB37: ARIZA | AC37: ÜRÜN | AD37: HATALI / EKSİK KESİNTİ SÜREÇLERİ BİLGİLENDİRMESİ
A38: ÇAĞRI MERKEZİ | B38: *83686419794734 | C38: 5522316019 | D38: ÇEDAŞ | E38: =IFERROR(VLOOKUP(D38,Tanımlar!C:D,2,0),"- - -") -> DAĞITIM | F38: 110486 | G38: =IFERROR(VLOOKUP(F38,'Personel Bilgi'!A:B,2,0),"- - - ") -> BUKET CANSU BEKTEMUR | H38: =IFERROR(VLOOKUP(F38,'Personel Bilgi'!A:D,3,0),"- - -") -> SAFAK TOPTAS | I38: =IFERROR(VLOOKUP(F38,'Personel Bilgi'!A:D,4,0),"- - -") -> KARS | J38: =IFERROR(VLOOKUP(F38,'Personel Bilgi'!A:E,5,0),"- - -") -> MÜŞTERİ TEMSİLCİSİ | K38: ARIZA | L38: TEŞEKKÜR | M38: MÜŞTERİ TEMSİLCİSİNE TEŞEKKÜR | N38: 45998 | O38: 46000 | P38: GEÇERLİ TEŞEKKÜR | Q38: - | R38: HALİDE PALAVAR | S38: YAPILDI | T38: HAYIR | U38: 100 | V38: ARALIK | W38: 110486 | X38: =IFERROR(VLOOKUP(W38,'Personel Bilgi'!A:B,2,0),"---") -> BUKET CANSU BEKTEMUR | Y38: =IFERROR(VLOOKUP(W38,'Personel Bilgi'!A:C,3,0),"---") -> SAFAK TOPTAS | Z38: HAYIR | AA38: HATASIZ ÇAĞRI | AB38: ARIZA | AC38: TEŞEKKÜR | AD38: MÜŞTERİ TEMSİLCİSİNE TEŞEKKÜR
A39: ÇAĞRI MERKEZİ | B39: *34297522472992 | C39: 5456722250 | D39: BEDAŞ | E39: =IFERROR(VLOOKUP(D39,Tanımlar!C:D,2,0),"- - -") -> DAĞITIM | F39: 500049 | G39: =IFERROR(VLOOKUP(F39,'Personel Bilgi'!A:B,2,0),"- - - ") -> FERHAT ATICI | H39: =IFERROR(VLOOKUP(F39,'Personel Bilgi'!A:D,3,0),"- - -") -> MEHMET ALI SAVAN | I39: =IFERROR(VLOOKUP(F39,'Personel Bilgi'!A:D,4,0),"- - -") -> ERZURUM | J39: =IFERROR(VLOOKUP(F39,'Personel Bilgi'!A:E,5,0),"- - -") -> MÜŞTERİ TEMSİLCİSİ | K39: GENEL TALEPLER | L39: DAVRANIŞ | M39: MÜŞTERİNİN YÜZÜNE TELEFON KAPATMA | N39: 45999 | O39: 46000 | P39: GEÇERSİZ ŞİKAYET | Q39: - | R39: HALİDE PALAVAR | S39: YAPILMADI | T39: HAYIR | U39: - | V39: ARALIK | W39: 600593 | X39: =IFERROR(VLOOKUP(W39,'Personel Bilgi'!A:B,2,0),"---") -> FATIH MERCAN | Y39: =IFERROR(VLOOKUP(W39,'Personel Bilgi'!A:C,3,0),"---") -> İNAN UMUT ÖRNEK | Z39: HAYIR | AA39: HATASIZ ÇAĞRI | AB39: GENEL TALEPLER | AC39: DAVRANIŞ | AD39: MÜŞTERİNİN YÜZÜNE TELEFON KAPATMA
A40: ÇAĞRI MERKEZİ | B40: * 56198053727377 | C40: 5334803838 | D40: AEDAŞ | E40: =IFERROR(VLOOKUP(D40,Tanımlar!C:D,2,0),"- - -") -> DAĞITIM | F40: 111241 | G40: =IFERROR(VLOOKUP(F40,'Personel Bilgi'!A:B,2,0),"- - - ") -> GURKAN KILDIS | H40: =IFERROR(VLOOKUP(F40,'Personel Bilgi'!A:D,3,0),"- - -") -> YAPRAK KARAKOC | I40: =IFERROR(VLOOKUP(F40,'Personel Bilgi'!A:D,4,0),"- - -") -> KARS | J40: =IFERROR(VLOOKUP(F40,'Personel Bilgi'!A:E,5,0),"- - -") -> MÜŞTERİ TEMSİLCİSİ | K40: ARIZA | L40: TEŞEKKÜR | M40: MÜŞTERİ TEMSİLCİSİNE TEŞEKKÜR | N40: 45996 | O40: 46000 | P40: GEÇERLİ TEŞEKKÜR | Q40: - | R40: HALİDE PALAVAR | S40: YAPILDI | T40: HAYIR | U40: 90 | V40: ARALIK | W40: 500109 | X40: =IFERROR(VLOOKUP(W40,'Personel Bilgi'!A:B,2,0),"---") -> MUHAMMET EMIN AKSAKAL | Y40: =IFERROR(VLOOKUP(W40,'Personel Bilgi'!A:C,3,0),"---") -> METEHAN EMRE SIRMALI | Z40: HAYIR | AA40: HATASIZ ÇAĞRI | AB40: ARIZA | AC40: TEŞEKKÜR | AD40: MÜŞTERİ TEMSİLCİSİNE TEŞEKKÜR
A41: ÇAĞRI MERKEZİ | B41: *22144223336582 | C41: 5330921482 | D41: BEDAŞ | E41: =IFERROR(VLOOKUP(D41,Tanımlar!C:D,2,0),"- - -") -> DAĞITIM | F41: 111241 | G41: =IFERROR(VLOOKUP(F41,'Personel Bilgi'!A:B,2,0),"- - - ") -> GURKAN KILDIS | H41: =IFERROR(VLOOKUP(F41,'Personel Bilgi'!A:D,3,0),"- - -") -> YAPRAK KARAKOC | I41: =IFERROR(VLOOKUP(F41,'Personel Bilgi'!A:D,4,0),"- - -") -> KARS | J41: =IFERROR(VLOOKUP(F41,'Personel Bilgi'!A:E,5,0),"- - -") -> MÜŞTERİ TEMSİLCİSİ | K41: KAÇAK | L41: ÜRÜN | M41: HATALI / EKSİK KAÇAK SÜREÇLERİ BİLGİLENDİRMESİ | N41: 45999 | O41: 46000 | P41: GEÇERSİZ ŞİKAYET | Q41: - | R41: HALİDE PALAVAR | S41: YAPILDI | T41: HAYIR | U41: 90 | V41: ARALIK | W41: 500141 | X41: =IFERROR(VLOOKUP(W41,'Personel Bilgi'!A:B,2,0),"---") -> ZIHNI AKPINAR | Y41: =IFERROR(VLOOKUP(W41,'Personel Bilgi'!A:C,3,0),"---") -> SAMET KOCABEYOGLU | Z41: EVET | AA41: HATALI / EKSİK BİLGİ VERME | AB41: KAÇAK | AC41: ÜRÜN | AD41: HATALI / EKSİK KAÇAK SÜREÇLERİ BİLGİLENDİRMESİ
A42: ÇAĞRI MERKEZİ | B42: *26282504078095 -32919914608478 | C42: 5330921482 | D42: BEDAŞ | E42: =IFERROR(VLOOKUP(D42,Tanımlar!C:D,2,0),"- - -") -> DAĞITIM | F42: 600409 | G42: =IFERROR(VLOOKUP(F42,'Personel Bilgi'!A:B,2,0),"- - - ") -> OZNIL SENEFE | H42: =IFERROR(VLOOKUP(F42,'Personel Bilgi'!A:D,3,0),"- - -") -> İNAN UMUT ÖRNEK | I42: =IFERROR(VLOOKUP(F42,'Personel Bilgi'!A:D,4,0),"- - -") -> ANKARA | J42: =IFERROR(VLOOKUP(F42,'Personel Bilgi'!A:E,5,0),"- - -") -> MÜŞTERİ TEMSİLCİSİ | K42: KAÇAK | L42: ÜRÜN | M42: HATALI / EKSİK KAÇAK SÜREÇLERİ BİLGİLENDİRMESİ | N42: 45996 | O42: 46000 | P42: GEÇERSİZ ŞİKAYET | Q42: - | R42: HALİDE PALAVAR | S42: YAPILDI | T42: HAYIR | U42: 60 | V42: ARALIK | W42: 500141 | X42: =IFERROR(VLOOKUP(W42,'Personel Bilgi'!A:B,2,0),"---") -> ZIHNI AKPINAR | Y42: =IFERROR(VLOOKUP(W42,'Personel Bilgi'!A:C,3,0),"---") -> SAMET KOCABEYOGLU | Z42: EVET | AA42: HATALI / EKSİK BİLGİ VERME | AB42: KAÇAK | AC42: ÜRÜN | AD42: HATALI / EKSİK KAÇAK SÜREÇLERİ BİLGİLENDİRMESİ
A43: ÇAĞRI MERKEZİ | B43: * 58892436185815 | C43: 5454583916 | D43: BEDAŞ | E43: =IFERROR(VLOOKUP(D43,Tanımlar!C:D,2,0),"- - -") -> DAĞITIM | F43: 500148 | G43: =IFERROR(VLOOKUP(F43,'Personel Bilgi'!A:B,2,0),"- - - ") -> DUYGU SAKAR | H43: =IFERROR(VLOOKUP(F43,'Personel Bilgi'!A:D,3,0),"- - -") -> KURSAD TERCANLI | I43: =IFERROR(VLOOKUP(F43,'Personel Bilgi'!A:D,4,0),"- - -") -> ERZURUM | J43: =IFERROR(VLOOKUP(F43,'Personel Bilgi'!A:E,5,0),"- - -") -> MÜŞTERİ TEMSİLCİSİ | K43: ARIZA | L43: SÜREÇ | M43: MÜŞTERİ TALEBİNE YARDIMCI OLMAMASI | N43: 45999 | O43: 46000 | P43: GEÇERSİZ ŞİKAYET | Q43: - | R43: HALİDE PALAVAR | S43: YAPILDI | T43: EVET | U43: 0 | V43: ARALIK | W43: 600593 | X43: =IFERROR(VLOOKUP(W43,'Personel Bilgi'!A:B,2,0),"---") -> FATIH MERCAN | Y43: =IFERROR(VLOOKUP(W43,'Personel Bilgi'!A:C,3,0),"---") -> İNAN UMUT ÖRNEK | Z43: HAYIR | AA43: HATASIZ ÇAĞRI | AB43: ARIZA | AC43: SÜREÇ | AD43: MÜŞTERİ TALEBİNE YARDIMCI OLMAMASI
A44: ÇAĞRI MERKEZİ | B44: * 90293565353788 | C44: 5533694165 | D44: ÇEDAŞ | E44: =IFERROR(VLOOKUP(D44,Tanımlar!C:D,2,0),"- - -") -> DAĞITIM | F44: 111243 | G44: =IFERROR(VLOOKUP(F44,'Personel Bilgi'!A:B,2,0),"- - - ") -> FATMA SENA SEFEROGLU | H44: =IFERROR(VLOOKUP(F44,'Personel Bilgi'!A:D,3,0),"- - -") -> SAFAK TOPTAS | I44: =IFERROR(VLOOKUP(F44,'Personel Bilgi'!A:D,4,0),"- - -") -> KARS | J44: =IFERROR(VLOOKUP(F44,'Personel Bilgi'!A:E,5,0),"- - -") -> MÜŞTERİ TEMSİLCİSİ | K44: İŞLETME TALEPLERİ | L44: SÜREÇ | M44: HATALI MÜHİM/MOD/ÇAĞRI MERKEZİ VB. YÖNLENDİRME | N44: 46000 | O44: 46000 | P44: GEÇERSİZ ŞİKAYET | Q44: - | R44: HALİDE PALAVAR | S44: YAPILDI | T44: HAYIR | U44: 90 | V44: ARALIK | W44: 500141 | X44: =IFERROR(VLOOKUP(W44,'Personel Bilgi'!A:B,2,0),"---") -> ZIHNI AKPINAR | Y44: =IFERROR(VLOOKUP(W44,'Personel Bilgi'!A:C,3,0),"---") -> SAMET KOCABEYOGLU | Z44: HAYIR | AA44: HATASIZ ÇAĞRI | AB44: İŞLETME TALEPLERİ | AC44: SÜREÇ | AD44: HATALI MÜHİM/MOD/ÇAĞRI MERKEZİ VB. YÖNLENDİRME
A45: ÇAĞRI MERKEZİ | B45: * 91816562266225 | C45: 5345738221 | D45: BEDAŞ | E45: =IFERROR(VLOOKUP(D45,Tanımlar!C:D,2,0),"- - -") -> DAĞITIM | F45: 600655 | G45: =IFERROR(VLOOKUP(F45,'Personel Bilgi'!A:B,2,0),"- - - ") -> OYKU CARDAKLI | H45: =IFERROR(VLOOKUP(F45,'Personel Bilgi'!A:D,3,0),"- - -") -> İNAN UMUT ÖRNEK | I45: =IFERROR(VLOOKUP(F45,'Personel Bilgi'!A:D,4,0),"- - -") -> ANKARA | J45: =IFERROR(VLOOKUP(F45,'Personel Bilgi'!A:E,5,0),"- - -") -> MÜŞTERİ TEMSİLCİSİ | K45: KAÇAK | L45: SÜREÇ | M45: HATALI MÜHİM/MOD/ÇAĞRI MERKEZİ VB. YÖNLENDİRME | N45: 46000 | O45: 46000 | P45: SÖZLÜ UYARI YAPILDI | Q45: - | R45: HALİDE PALAVAR | S45: YAPILDI | T45: EVET | U45: 0 | V45: ARALIK | W45: 500109 | X45: =IFERROR(VLOOKUP(W45,'Personel Bilgi'!A:B,2,0),"---") -> MUHAMMET EMIN AKSAKAL | Y45: =IFERROR(VLOOKUP(W45,'Personel Bilgi'!A:C,3,0),"---") -> METEHAN EMRE SIRMALI | Z45: HAYIR | AA45: HATASIZ ÇAĞRI | AB45: KAÇAK | AC45: SÜREÇ | AD45: HATALI MÜHİM/MOD/ÇAĞRI MERKEZİ VB. YÖNLENDİRME
A46: ÇAĞRI MERKEZİ | B46: *34547570376662 - 73475250706034 | C46: 5333780214 | D46: BEDAŞ | E46: =IFERROR(VLOOKUP(D46,Tanımlar!C:D,2,0),"- - -") -> DAĞITIM | F46: 111240 | G46: =IFERROR(VLOOKUP(F46,'Personel Bilgi'!A:B,2,0),"- - - ") -> BERAT KILICARSLAN | H46: =IFERROR(VLOOKUP(F46,'Personel Bilgi'!A:D,3,0),"- - -") -> YAPRAK KARAKOC | I46: =IFERROR(VLOOKUP(F46,'Personel Bilgi'!A:D,4,0),"- - -") -> KARS | J46: =IFERROR(VLOOKUP(F46,'Personel Bilgi'!A:E,5,0),"- - -") -> MÜŞTERİ TEMSİLCİSİ | K46: ARIZA | L46: SÜREÇ | M46: MÜŞTERİ TALEBİNE YARDIMCI OLMAMASI | N46: 46000 | O46: 46000 | P46: GEÇERSİZ ŞİKAYET | Q46: - | R46: HALİDE PALAVAR | S46: YAPILDI | T46: EVET | U46: 0 | V46: ARALIK | W46: 500143 | X46: =IFERROR(VLOOKUP(W46,'Personel Bilgi'!A:B,2,0),"---") -> AYDANUR TANAS | Y46: =IFERROR(VLOOKUP(W46,'Personel Bilgi'!A:C,3,0),"---") -> KURSAD TERCANLI | Z46: EVET | AA46: HATALI / EKSİK BİLGİ VERME | AB46: ARIZA | AC46: SÜREÇ | AD46: MÜŞTERİ TALEBİNE YARDIMCI OLMAMASI
A47: ÇAĞRI MERKEZİ | B47: * 82193364157181 | C47: 5349776885 | D47: BEDAŞ | E47: =IFERROR(VLOOKUP(D47,Tanımlar!C:D,2,0),"- - -") -> DAĞITIM | F47: 600189 | G47: =IFERROR(VLOOKUP(F47,'Personel Bilgi'!A:B,2,0),"- - - ") -> MEHMET ALI SAVAN | H47: =IFERROR(VLOOKUP(F47,'Personel Bilgi'!A:D,3,0),"- - -") -> MEHMET ALI SAVAN | I47: =IFERROR(VLOOKUP(F47,'Personel Bilgi'!A:D,4,0),"- - -") -> ERZURUM | J47: =IFERROR(VLOOKUP(F47,'Personel Bilgi'!A:E,5,0),"- - -") -> TAKIM LİDERİ | K47: ARIZA | L47: SÜREÇ | M47: YETKİLİYE AKTARMAMA | N47: 46000 | O47: 46001 | P47: GEÇERSİZ ŞİKAYET | R47: HALİDE PALAVAR | S47: YAPILMADI | T47: HAYIR | U47: - | V47: ARALIK | W47: 111175 | X47: =IFERROR(VLOOKUP(W47,'Personel Bilgi'!A:B,2,0),"---") -> TOLGA SELIMOGLU | Y47: =IFERROR(VLOOKUP(W47,'Personel Bilgi'!A:C,3,0),"---") -> YAPRAK KARAKOC | Z47: HAYIR | AA47: HATASIZ ÇAĞRI | AB47: ARIZA | AC47: SÜREÇ | AD47: YETKİLİYE AKTARMAMA
A48: ÇAĞRI MERKEZİ | B48: * 34660217186854 | C48: 5469028378 | D48: BEDAŞ | E48: =IFERROR(VLOOKUP(D48,Tanımlar!C:D,2,0),"- - -") -> DAĞITIM | F48: 110875 | G48: =IFERROR(VLOOKUP(F48,'Personel Bilgi'!A:B,2,0),"- - - ") -> BERHAN ALP | H48: =IFERROR(VLOOKUP(F48,'Personel Bilgi'!A:D,3,0),"- - -") -> SEVCAN BULUT | I48: =IFERROR(VLOOKUP(F48,'Personel Bilgi'!A:D,4,0),"- - -") -> KARS | J48: =IFERROR(VLOOKUP(F48,'Personel Bilgi'!A:E,5,0),"- - -") -> MÜŞTERİ TEMSİLCİSİ | K48: GENEL TALEPLER | L48: DAVRANIŞ | M48: MÜŞTERİNİN YÜZÜNE TELEFON KAPATMA | N48: 46001 | O48: 46001 | P48: GEÇERSİZ ŞİKAYET | Q48: - | R48: HALİDE PALAVAR | S48: YAPILMADI | T48: HAYIR | U48: - | V48: ARALIK | W48: 210420 | X48: =IFERROR(VLOOKUP(W48,'Personel Bilgi'!A:B,2,0),"---") -> ROJIN ORAL | Y48: =IFERROR(VLOOKUP(W48,'Personel Bilgi'!A:C,3,0),"---") -> MUHAMMET AKSU | Z48: HAYIR | AA48: HATASIZ ÇAĞRI | AB48: GENEL TALEPLER | AC48: DAVRANIŞ | AD48: MÜŞTERİNİN YÜZÜNE TELEFON KAPATMA
A49: ÇAĞRI MERKEZİ | B49: * 08238360509951 | C49: 5054410368 | D49: BEDAŞ | E49: =IFERROR(VLOOKUP(D49,Tanımlar!C:D,2,0),"- - -") -> DAĞITIM | F49: 500153 | G49: =IFERROR(VLOOKUP(F49,'Personel Bilgi'!A:B,2,0),"- - - ") -> ESRA YILMAZ | H49: =IFERROR(VLOOKUP(F49,'Personel Bilgi'!A:D,3,0),"- - -") -> KURSAD TERCANLI | I49: =IFERROR(VLOOKUP(F49,'Personel Bilgi'!A:D,4,0),"- - -") -> ERZURUM | J49: =IFERROR(VLOOKUP(F49,'Personel Bilgi'!A:E,5,0),"- - -") -> MÜŞTERİ TEMSİLCİSİ | K49: AÇMA KESME | L49: DAVRANIŞ | M49: MÜŞTERİNİN YÜZÜNE TELEFON KAPATMA | N49: 46000 | O49: 46001 | P49: YAZILI UYARI YAPILDI | Q49: - | R49: HALİDE PALAVAR | S49: YAPILDI | T49: EVET | U49: 0 | V49: ARALIK | W49: 500122 | X49: =IFERROR(VLOOKUP(W49,'Personel Bilgi'!A:B,2,0),"---") -> EYLUL YILDIRIM | Y49: =IFERROR(VLOOKUP(W49,'Personel Bilgi'!A:C,3,0),"---") -> SAMET KOCABEYOGLU | Z49: HAYIR | AA49: HATASIZ ÇAĞRI | AB49: AÇMA KESME | AC49: DAVRANIŞ | AD49: MÜŞTERİNİN YÜZÜNE TELEFON KAPATMA
A50: ÇAĞRI MERKEZİ | B50: *98102756910942 | C50: 5302739848 | D50: AEPSAŞ | E50: =IFERROR(VLOOKUP(D50,Tanımlar!C:D,2,0),"- - -") -> PERAKENDE | F50: 210021 | G50: =IFERROR(VLOOKUP(F50,'Personel Bilgi'!A:B,2,0),"- - - ") -> HUSEYIN AKBULUT | H50: =IFERROR(VLOOKUP(F50,'Personel Bilgi'!A:D,3,0),"- - -") -> KURTHAN FERDI CIHANTIMUR | I50: =IFERROR(VLOOKUP(F50,'Personel Bilgi'!A:D,4,0),"- - -") -> KARS | J50: MÜŞTERİ TEMSİLCİSİ | K50: FATURA İŞLEMLERİ | L50: TEŞEKKÜR | M50: MÜŞTERİ TEMSİLCİSİNE TEŞEKKÜR | N50: 45992 | O50: 45993 | P50: GEÇERLİ TEŞEKKÜR | Q50: - | R50: ŞEYMANUR ÇEVİK | S50: YAPILDI | T50: HAYIR | U50: 100 | V50: ARALIK | W50: 600592 | X50: =IFERROR(VLOOKUP(W50,'Personel Bilgi'!A:B,2,0),"---") -> MELIKE ILAYDA CAL | Y50: =IFERROR(VLOOKUP(W50,'Personel Bilgi'!A:C,3,0),"---") -> ASYA DAG | Z50: HAYIR | AA50: HATASIZ ÇAĞRI | AB50: FATURA İŞLEMLERİ | AC50: TEŞEKKÜR | AD50: MÜŞTERİ TEMSİLCİSİNE TEŞEKKÜR
A51: ÇAĞRI MERKEZİ | B51: *61683295419504 | C51: 5322312014 | D51: BEPSAŞ | E51: =IFERROR(VLOOKUP(D51,Tanımlar!C:D,2,0),"- - -") -> PERAKENDE | F51: 600617 | G51: =IFERROR(VLOOKUP(F51,'Personel Bilgi'!A:B,2,0),"- - - ") -> ELMAS AKSOY | H51: =IFERROR(VLOOKUP(F51,'Personel Bilgi'!A:D,3,0),"- - -") -> İNAN UMUT ÖRNEK | I51: =IFERROR(VLOOKUP(F51,'Personel Bilgi'!A:D,4,0),"- - -") -> ANKARA | J51: =IFERROR(VLOOKUP(F51,'Personel Bilgi'!A:E,5,0),"- - -") -> MÜŞTERİ TEMSİLCİSİ | K51: MÜŞTERİ İŞLEMLERİ | L51: SÜREÇ | M51: MÜŞTERİ TALEBİNE YARDIMCI OLMAMASI | N51: 45992 | O51: 45993 | P51: GEÇERSİZ ŞİKAYET | Q51: - | R51: ŞEYMANUR ÇEVİK | S51: YAPILDI | T51: HAYIR | U51: 100 | V51: ARALIK | W51: 600617 | X51: =IFERROR(VLOOKUP(W51,'Personel Bilgi'!A:B,2,0),"---") -> ELMAS AKSOY | Y51: =IFERROR(VLOOKUP(W51,'Personel Bilgi'!A:C,3,0),"---") -> İNAN UMUT ÖRNEK | Z51: HAYIR | AA51: HATASIZ ÇAĞRI | AB51: MÜŞTERİ İŞLEMLERİ | AC51: SÜREÇ | AD51: MÜŞTERİ TALEBİNE YARDIMCI OLMAMASI
A52: ÇAĞRI MERKEZİ | B52: *96976287039344 | C52: 5366152173 | D52: BEPSAŞ | E52: =IFERROR(VLOOKUP(D52,Tanımlar!C:D,2,0),"- - -") -> PERAKENDE | F52: 600625 | G52: =IFERROR(VLOOKUP(F52,'Personel Bilgi'!A:B,2,0),"- - - ") -> UMMUGULSUM DILARA UZUNDERE | H52: =IFERROR(VLOOKUP(F52,'Personel Bilgi'!A:D,3,0),"- - -") -> FERHAT DEMIR | I52: =IFERROR(VLOOKUP(F52,'Personel Bilgi'!A:D,4,0),"- - -") -> ANKARA | J52: =IFERROR(VLOOKUP(F52,'Personel Bilgi'!A:E,5,0),"- - -") -> MÜŞTERİ TEMSİLCİSİ | K52: FATURA İŞLEMLERİ | L52: SÜREÇ | M52: HATALI MÜHİM/MOD/ÇAĞRI MERKEZİ VB. YÖNLENDİRME | N52: 45992 | O52: 45993 | P52: SÖZLÜ UYARI YAPILDI | Q52: - | R52: ŞEYMANUR ÇEVİK | S52: YAPILDI | T52: EVET | U52: 0 | V52: ARALIK | W52: 110716 | X52: =IFERROR(VLOOKUP(W52,'Personel Bilgi'!A:B,2,0),"---") -> SERDAR SENGUN | Y52: =IFERROR(VLOOKUP(W52,'Personel Bilgi'!A:C,3,0),"---") -> MUSTAFA OZAYAG | Z52: EVET | AA52: HATALI / EKSİK BİLGİ VERME | AB52: FATURA İŞLEMLERİ | AC52: SÜREÇ | AD52: HATALI MÜHİM/MOD/ÇAĞRI MERKEZİ VB. YÖNLENDİRME
A53: ÇAĞRI MERKEZİ | B53: *16470255121004 | C53: 5529281025 | D53: BEDAŞ | E53: =IFERROR(VLOOKUP(D53,Tanımlar!C:D,2,0),"- - -") -> DAĞITIM | F53: 500070 | G53: =IFERROR(VLOOKUP(F53,'Personel Bilgi'!A:B,2,0),"- - - ") -> IREM NAZ OGUZ | H53: =IFERROR(VLOOKUP(F53,'Personel Bilgi'!A:D,3,0),"- - -") -> SALTUK BUGRAHAN TAYMUS | I53: =IFERROR(VLOOKUP(F53,'Personel Bilgi'!A:D,4,0),"- - -") -> ERZURUM | J53: =IFERROR(VLOOKUP(F53,'Personel Bilgi'!A:E,5,0),"- - -") -> MÜŞTERİ TEMSİLCİSİ | K53: ARIZA | L53: SÜREÇ | M53: HATALI KATEGORİ ÜZERİNDEN KAYIT ALMA | N53: 45993 | O53: 45994 | P53: SÖZLÜ UYARI YAPILDI | Q53: - | R53: ŞEYMANUR ÇEVİK | S53: YAPILDI | T53: EVET | U53: 0 | V53: ARALIK | W53: 500112 | X53: =IFERROR(VLOOKUP(W53,'Personel Bilgi'!A:B,2,0),"---") -> RUMEYSA TOZLU | Y53: =IFERROR(VLOOKUP(W53,'Personel Bilgi'!A:C,3,0),"---") -> METEHAN EMRE SIRMALI | Z53: HAYIR | AA53: HATASIZ ÇAĞRI | AB53: ARIZA | AC53: SÜREÇ | AD53: HATALI KATEGORİ ÜZERİNDEN KAYIT ALMA
A54: ÇAĞRI MERKEZİ | B54: *16470255121004 | C54: 5529281025 | D54: BEDAŞ | E54: =IFERROR(VLOOKUP(D54,Tanımlar!C:D,2,0),"- - -") -> DAĞITIM | F54: 500065 | G54: =IFERROR(VLOOKUP(F54,'Personel Bilgi'!A:B,2,0),"- - - ") -> BATUHAN GULER | H54: =IFERROR(VLOOKUP(F54,'Personel Bilgi'!A:D,3,0),"- - -") -> SALTUK BUGRAHAN TAYMUS | I54: =IFERROR(VLOOKUP(F54,'Personel Bilgi'!A:D,4,0),"- - -") -> ERZURUM | J54: =IFERROR(VLOOKUP(F54,'Personel Bilgi'!A:E,5,0),"- - -") -> MÜŞTERİ TEMSİLCİSİ | K54: ARIZA | L54: SÜREÇ | M54: HATALI KATEGORİ ÜZERİNDEN KAYIT ALMA | N54: 45993 | O54: 45994 | P54: SÖZLÜ UYARI YAPILDI | Q54: - | R54: ŞEYMANUR ÇEVİK | S54: YAPILDI | T54: EVET | U54: 0 | V54: ARALIK | W54: 500112 | X54: =IFERROR(VLOOKUP(W54,'Personel Bilgi'!A:B,2,0),"---") -> RUMEYSA TOZLU | Y54: =IFERROR(VLOOKUP(W54,'Personel Bilgi'!A:C,3,0),"---") -> METEHAN EMRE SIRMALI | Z54: HAYIR | AA54: HATASIZ ÇAĞRI | AB54: ARIZA | AC54: SÜREÇ | AD54: HATALI KATEGORİ ÜZERİNDEN KAYIT ALMA
A55: ÇAĞRI MERKEZİ | B55: *16470255121004 | C55: 5529281025 | D55: BEDAŞ | E55: =IFERROR(VLOOKUP(D55,Tanımlar!C:D,2,0),"- - -") -> DAĞITIM | F55: 500074 | G55: =IFERROR(VLOOKUP(F55,'Personel Bilgi'!A:B,2,0),"- - - ") -> ULVIYE ALPER | H55: =IFERROR(VLOOKUP(F55,'Personel Bilgi'!A:D,3,0),"- - -") -> SALTUK BUGRAHAN TAYMUS | I55: =IFERROR(VLOOKUP(F55,'Personel Bilgi'!A:D,4,0),"- - -") -> ERZURUM | J55: =IFERROR(VLOOKUP(F55,'Personel Bilgi'!A:E,5,0),"- - -") -> MÜŞTERİ TEMSİLCİSİ | K55: ARIZA | L55: SÜREÇ | M55: HATALI KATEGORİ ÜZERİNDEN KAYIT ALMA | N55: 45993 | O55: 45994 | P55: SÖZLÜ UYARI YAPILDI | Q55: - | R55: ŞEYMANUR ÇEVİK | S55: YAPILDI | T55: EVET | U55: 0 | V55: ARALIK | W55: 500112 | X55: =IFERROR(VLOOKUP(W55,'Personel Bilgi'!A:B,2,0),"---") -> RUMEYSA TOZLU | Y55: =IFERROR(VLOOKUP(W55,'Personel Bilgi'!A:C,3,0),"---") -> METEHAN EMRE SIRMALI | Z55: HAYIR | AA55: HATASIZ ÇAĞRI | AB55: ARIZA | AC55: SÜREÇ | AD55: HATALI KATEGORİ ÜZERİNDEN KAYIT ALMA
A56: ÇAĞRI MERKEZİ | B56: *38852377816726 | C56: 5415216605 | D56: BEDAŞ | E56: =IFERROR(VLOOKUP(D56,Tanımlar!C:D,2,0),"- - -") -> DAĞITIM | F56: 500029 | G56: =IFERROR(VLOOKUP(F56,'Personel Bilgi'!A:B,2,0),"- - - ") -> OMER FARUK ERDEM | H56: =IFERROR(VLOOKUP(F56,'Personel Bilgi'!A:D,3,0),"- - -") -> ERDOGAN DURUK | I56: =IFERROR(VLOOKUP(F56,'Personel Bilgi'!A:D,4,0),"- - -") -> ERZURUM | J56: =IFERROR(VLOOKUP(F56,'Personel Bilgi'!A:E,5,0),"- - -") -> MÜŞTERİ TEMSİLCİSİ | K56: ARIZA | L56: SÜREÇ | M56: YETKİLİYE AKTARMAMA | N56: 45993 | O56: 45994 | P56: YAZILI UYARI YAPILDI | Q56: - | R56: ŞEYMANUR ÇEVİK | S56: YAPILDI | T56: EVET | U56: 0 | V56: ARALIK | W56: 111240 | X56: =IFERROR(VLOOKUP(W56,'Personel Bilgi'!A:B,2,0),"---") -> BERAT KILICARSLAN | Y56: =IFERROR(VLOOKUP(W56,'Personel Bilgi'!A:C,3,0),"---") -> YAPRAK KARAKOC | Z56: HAYIR | AA56: HATASIZ ÇAĞRI | AB56: ARIZA | AC56: SÜREÇ | AD56: YETKİLİYE AKTARMAMA
A57: ÇAĞRI MERKEZİ | B57: *44155800011911 | C57: 5541304662 | D57: AEDAŞ | E57: =IFERROR(VLOOKUP(D57,Tanımlar!C:D,2,0),"- - -") -> DAĞITIM | F57: 600409 | G57: =IFERROR(VLOOKUP(F57,'Personel Bilgi'!A:B,2,0),"- - - ") -> OZNIL SENEFE | H57: =IFERROR(VLOOKUP(F57,'Personel Bilgi'!A:D,3,0),"- - -") -> İNAN UMUT ÖRNEK | I57: =IFERROR(VLOOKUP(F57,'Personel Bilgi'!A:D,4,0),"- - -") -> ANKARA | J57: =IFERROR(VLOOKUP(F57,'Personel Bilgi'!A:E,5,0),"- - -") -> MÜŞTERİ TEMSİLCİSİ | K57: KAÇAK | L57: ÜRÜN | M57: HATALI / EKSİK KAÇAK SÜREÇLERİ BİLGİLENDİRMESİ | N57: 45992 | O57: 45993 | P57: GEÇERSİZ ŞİKAYET | Q57: - | R57: ŞEYMANUR ÇEVİK | S57: YAPILDI | T57: HAYIR | U57: 80 | V57: ARALIK | W57: 111163 | X57: =IFERROR(VLOOKUP(W57,'Personel Bilgi'!A:B,2,0),"---") -> KEZBAN DEMIR | Y57: =IFERROR(VLOOKUP(W57,'Personel Bilgi'!A:C,3,0),"---") -> YAREN OZAYAG | Z57: HAYIR | AA57: HATASIZ ÇAĞRI | AB57: KAÇAK | AC57: ÜRÜN | AD57: HATALI / EKSİK KAÇAK SÜREÇLERİ BİLGİLENDİRMESİ
A58: ÇAĞRI MERKEZİ | B58: * 40160472929148 | C58: 5397204906 | D58: BEPSAŞ | E58: =IFERROR(VLOOKUP(D58,Tanımlar!C:D,2,0),"- - -") -> PERAKENDE | F58: 110799 | G58: =IFERROR(VLOOKUP(F58,'Personel Bilgi'!A:B,2,0),"- - - ") -> SERKAN CURKA | H58: =IFERROR(VLOOKUP(F58,'Personel Bilgi'!A:D,3,0),"- - -") -> MUSTAFA OZAYAG | I58: =IFERROR(VLOOKUP(F58,'Personel Bilgi'!A:D,4,0),"- - -") -> KARS | J58: =IFERROR(VLOOKUP(F58,'Personel Bilgi'!A:E,5,0),"- - -") -> MÜŞTERİ TEMSİLCİSİ | K58: MÜŞTERİ İŞLEMLERİ | L58: SÜREÇ | M58: MÜŞTERİ TALEBİNE YARDIMCI OLMAMASI | N58: 45999 | O58: 46001 | P58: SÖZLÜ UYARI YAPILDI | Q58: - | R58: HALİDE PALAVAR | S58: YAPILDI | T58: EVET | U58: 0 | V58: ARALIK | W58: 111120 | X58: =IFERROR(VLOOKUP(W58,'Personel Bilgi'!A:B,2,0),"---") -> HAVVA AYDIN | Y58: =IFERROR(VLOOKUP(W58,'Personel Bilgi'!A:C,3,0),"---") -> MUHAMMET AKSU | Z58: HAYIR | AA58: HATASIZ ÇAĞRI | AB58: MÜŞTERİ İŞLEMLERİ | AC58: SÜREÇ | AD58: MÜŞTERİ TALEBİNE YARDIMCI OLMAMASI
A59: ÇAĞRI MERKEZİ | B59: *69091999348095 | C59: 5431252419 | D59: BEPSAŞ | E59: =IFERROR(VLOOKUP(D59,Tanımlar!C:D,2,0),"- - -") -> PERAKENDE | F59: 600598 | G59: =IFERROR(VLOOKUP(F59,'Personel Bilgi'!A:B,2,0),"- - - ") -> ALI ATALAY SIRIN | H59: =IFERROR(VLOOKUP(F59,'Personel Bilgi'!A:D,3,0),"- - -") -> FERHAT DEMIR | I59: =IFERROR(VLOOKUP(F59,'Personel Bilgi'!A:D,4,0),"- - -") -> ANKARA | J59: =IFERROR(VLOOKUP(F59,'Personel Bilgi'!A:E,5,0),"- - -") -> MÜŞTERİ TEMSİLCİSİ | K59: MÜŞTERİ İŞLEMLERİ | L59: ÜRÜN | M59: HATALI / EKSİK GÜVENCE BEDELİ BİLGİLENDİRMESİ | N59: 45995 | O59: 46001 | P59: YAZILI UYARI YAPILDI | Q59: - | R59: HALİDE PALAVAR | S59: YAPILDI | T59: EVET | U59: 0 | V59: ARALIK | W59: 111121 | X59: =IFERROR(VLOOKUP(W59,'Personel Bilgi'!A:B,2,0),"---") -> BURAK TIKICIERI | Y59: =IFERROR(VLOOKUP(W59,'Personel Bilgi'!A:C,3,0),"---") -> YAPRAK KARAKOC | Z59: HAYIR | AA59: HATASIZ ÇAĞRI | AB59: MÜŞTERİ İŞLEMLERİ | AC59: ÜRÜN | AD59: HATALI / EKSİK GÜVENCE BEDELİ BİLGİLENDİRMESİ
A60: ÇAĞRI MERKEZİ | B60: *46401545247707 | C60: 5318593491 | D60: BEPSAŞ | E60: =IFERROR(VLOOKUP(D60,Tanımlar!C:D,2,0),"- - -") -> PERAKENDE | F60: 600609 | G60: =IFERROR(VLOOKUP(F60,'Personel Bilgi'!A:B,2,0),"- - - ") -> UMMUHAN SINEM BULUT | H60: =IFERROR(VLOOKUP(F60,'Personel Bilgi'!A:D,3,0),"- - -") -> BUSRA OLCULMUS | I60: =IFERROR(VLOOKUP(F60,'Personel Bilgi'!A:D,4,0),"- - -") -> ANKARA | J60: =IFERROR(VLOOKUP(F60,'Personel Bilgi'!A:E,5,0),"- - -") -> MÜŞTERİ TEMSİLCİSİ | K60: MÜŞTERİ İŞLEMLERİ | L60: SÜREÇ | M60: MÜŞTERİ TALEBİNE YARDIMCI OLMAMASI | N60: 45999 | O60: 46001 | P60: GEÇERSİZ ŞİKAYET | Q60: - | R60: HALİDE PALAVAR | S60: YAPILDI | T60: EVET | U60: 0 | V60: ARALIK | W60: 600609 | X60: =IFERROR(VLOOKUP(W60,'Personel Bilgi'!A:B,2,0),"---") -> UMMUHAN SINEM BULUT | Y60: =IFERROR(VLOOKUP(W60,'Personel Bilgi'!A:C,3,0),"---") -> BUSRA OLCULMUS | Z60: EVET | AA60: HATALI / EKSİK BİLGİ VERME | AB60: MÜŞTERİ İŞLEMLERİ | AC60: SÜREÇ | AD60: MÜŞTERİ TALEBİNE YARDIMCI OLMAMASI
A61: ÇAĞRI MERKEZİ | B61: *17770595738566 | C61: 5052685333 | D61: BEPSAŞ | E61: =IFERROR(VLOOKUP(D61,Tanımlar!C:D,2,0),"- - -") -> PERAKENDE | F61: 600607 | G61: =IFERROR(VLOOKUP(F61,'Personel Bilgi'!A:B,2,0),"- - - ") -> RABIA BACAK | H61: =IFERROR(VLOOKUP(F61,'Personel Bilgi'!A:D,3,0),"- - -") -> ASYA DAG | I61: =IFERROR(VLOOKUP(F61,'Personel Bilgi'!A:D,4,0),"- - -") -> ANKARA | J61: =IFERROR(VLOOKUP(F61,'Personel Bilgi'!A:E,5,0),"- - -") -> MÜŞTERİ TEMSİLCİSİ | K61: MÜŞTERİ İŞLEMLERİ | L61: SÜREÇ | M61: MÜŞTERİ TALEBİNE YARDIMCI OLMAMASI | N61: 46000 | O61: 46001 | P61: GEÇERSİZ ŞİKAYET | Q61: - | R61: HALİDE PALAVAR | S61: YAPILDI | T61: EVET | U61: 0 | V61: ARALIK | W61: 111031 | X61: =IFERROR(VLOOKUP(W61,'Personel Bilgi'!A:B,2,0),"---") -> MUHAMMED EREN KAYA | Y61: =IFERROR(VLOOKUP(W61,'Personel Bilgi'!A:C,3,0),"---") -> YAREN OZAYAG | Z61: EVET | AA61: ŞİKAYETE YÖNLENDİRME | AB61: MÜŞTERİ İŞLEMLERİ | AC61: SÜREÇ | AD61: MÜŞTERİ TALEBİNE YARDIMCI OLMAMASI
A62: ÇAĞRI MERKEZİ | B62: * 58869292953303 | C62: 5366563435 | D62: BEPSAŞ | E62: =IFERROR(VLOOKUP(D62,Tanımlar!C:D,2,0),"- - -") -> PERAKENDE | F62: 111272 | G62: =IFERROR(VLOOKUP(F62,'Personel Bilgi'!A:B,2,0),"- - - ") -> RIDVAN GUNES | H62: =IFERROR(VLOOKUP(F62,'Personel Bilgi'!A:D,3,0),"- - -") -> YAPRAK KARAKOC | I62: =IFERROR(VLOOKUP(F62,'Personel Bilgi'!A:D,4,0),"- - -") -> KARS | J62: =IFERROR(VLOOKUP(F62,'Personel Bilgi'!A:E,5,0),"- - -") -> MÜŞTERİ TEMSİLCİSİ | K62: MÜŞTERİ İŞLEMLERİ | L62: SÜREÇ | M62: HATALI ABONELİK ÜZERİNDEN İŞLEM YAPILMASI | N62: 46000 | O62: 46001 | P62: YAZILI UYARI YAPILDI | Q62: - | R62: HALİDE PALAVAR | S62: YAPILDI | T62: EVET | U62: 0 | V62: ARALIK | W62: 600604 | X62: =IFERROR(VLOOKUP(W62,'Personel Bilgi'!A:B,2,0),"---") -> IPEK SERIFE ALTAY | Y62: =IFERROR(VLOOKUP(W62,'Personel Bilgi'!A:C,3,0),"---") -> İNAN UMUT ÖRNEK | Z62: EVET | AA62: ŞİKAYETE YÖNLENDİRME | AB62: MÜŞTERİ İŞLEMLERİ | AC62: SÜREÇ | AD62: HATALI ABONELİK ÜZERİNDEN İŞLEM YAPILMASI
A63: ÇAĞRI MERKEZİ | B63: * 93278790399504 | C63: 5374146253 | D63: AEDAŞ | E63: =IFERROR(VLOOKUP(D63,Tanımlar!C:D,2,0),"- - -") -> DAĞITIM | F63: 111249 | G63: =IFERROR(VLOOKUP(F63,'Personel Bilgi'!A:B,2,0),"- - - ") -> EYUPHAN ATAS | H63: =IFERROR(VLOOKUP(F63,'Personel Bilgi'!A:D,3,0),"- - -") -> SEDA SEBU | I63: =IFERROR(VLOOKUP(F63,'Personel Bilgi'!A:D,4,0),"- - -") -> KARS | J63: =IFERROR(VLOOKUP(F63,'Personel Bilgi'!A:E,5,0),"- - -") -> MÜŞTERİ TEMSİLCİSİ | K63: GENEL TALEPLER | L63: DAVRANIŞ | M63: MÜŞTERİNİN YÜZÜNE TELEFON KAPATMA | N63: 46001 | O63: 46001 | P63: GEÇERSİZ ŞİKAYET | Q63: - | R63: HALİDE PALAVAR | S63: YAPILMADI | T63: HAYIR | U63: - | V63: ARALIK | W63: 500132 | X63: =IFERROR(VLOOKUP(W63,'Personel Bilgi'!A:B,2,0),"---") -> SONGUL BEKCI | Y63: =IFERROR(VLOOKUP(W63,'Personel Bilgi'!A:C,3,0),"---") -> TURGUT AKDAG | Z63: HAYIR | AA63: HATASIZ ÇAĞRI | AB63: GENEL TALEPLER | AC63: DAVRANIŞ | AD63: MÜŞTERİNİN YÜZÜNE TELEFON KAPATMA
A64: ÇAĞRI MERKEZİ | B64: * 47978103962848 | C64: 5014801605 | D64: BEPSAŞ | E64: =IFERROR(VLOOKUP(D64,Tanımlar!C:D,2,0),"- - -") -> PERAKENDE | F64: 600797 | G64: =IFERROR(VLOOKUP(F64,'Personel Bilgi'!A:B,2,0),"- - - ") -> SENA NUR KOCABAY | H64: =IFERROR(VLOOKUP(F64,'Personel Bilgi'!A:D,3,0),"- - -") -> GORKEM SERT | I64: =IFERROR(VLOOKUP(F64,'Personel Bilgi'!A:D,4,0),"- - -") -> ANKARA | J64: =IFERROR(VLOOKUP(F64,'Personel Bilgi'!A:E,5,0),"- - -") -> MÜŞTERİ TEMSİLCİSİ | K64: FATURA İŞLEMLERİ | L64: ÜRÜN | M64: HATALI / EKSİK BORÇ BİLGİLENDİRMESİ | N64: 46000 | O64: 46002 | P64: SÖZLÜ UYARI YAPILDI | Q64: - | R64: HALİDE PALAVAR | S64: YAPILDI | T64: HAYIR | U64: 40 | V64: ARALIK | W64: 600726 | X64: =IFERROR(VLOOKUP(W64,'Personel Bilgi'!A:B,2,0),"---") -> MELEK SUDE YANAR | Y64: =IFERROR(VLOOKUP(W64,'Personel Bilgi'!A:C,3,0),"---") -> ASYA DAG | Z64: EVET | AA64: ŞİKAYETE YÖNLENDİRME | AB64: FATURA İŞLEMLERİ | AC64: ÜRÜN | AD64: HATALI / EKSİK BORÇ BİLGİLENDİRMESİ
A65: ÇAĞRI MERKEZİ | B65: *89942940499846 | C65: 5469110118 | D65: ÇEDAŞ | E65: =IFERROR(VLOOKUP(D65,Tanımlar!C:D,2,0),"- - -") -> DAĞITIM | F65: 999999 | G65: =IFERROR(VLOOKUP(F65,'Personel Bilgi'!A:B,2,0),"- - - ") -> GENEL TEŞEKKÜR | H65: =IFERROR(VLOOKUP(F65,'Personel Bilgi'!A:D,3,0),"- - -") -> GENEL TEŞEKKÜR | I65: =IFERROR(VLOOKUP(F65,'Personel Bilgi'!A:D,4,0),"- - -") -> GENEL TEŞEKKÜR | J65: =IFERROR(VLOOKUP(F65,'Personel Bilgi'!A:E,5,0),"- - -") -> GENEL TEŞEKKÜR | K65: AYDINLATMA | L65: TEŞEKKÜR | M65: ÇAĞRI MERKEZİNE GENEL OLARAK TEŞEKKÜR | N65: 46001 | O65: 46002 | P65: GEÇERLİ TEŞEKKÜR | Q65: - | R65: HALİDE PALAVAR | S65: YAPILMADI | T65: HAYIR | U65: - | V65: ARALIK | W65: 110463 | X65: =IFERROR(VLOOKUP(W65,'Personel Bilgi'!A:B,2,0),"---") -> MUHAMMET ACAY | Y65: =IFERROR(VLOOKUP(W65,'Personel Bilgi'!A:C,3,0),"---") -> SEDA SEBU | Z65: EVET | AA65: HATALI / EKSİK BİLGİ VERME | AB65: AYDINLATMA | AC65: TEŞEKKÜR | AD65: ÇAĞRI MERKEZİNE GENEL OLARAK TEŞEKKÜR
A66: ÇAĞRI MERKEZİ | B66: *20747445682895 | C66: 5325835074 | D66: BEDAŞ | E66: =IFERROR(VLOOKUP(D66,Tanımlar!C:D,2,0),"- - -") -> DAĞITIM | F66: 999999 | G66: =IFERROR(VLOOKUP(F66,'Personel Bilgi'!A:B,2,0),"- - - ") -> GENEL TEŞEKKÜR | H66: =IFERROR(VLOOKUP(F66,'Personel Bilgi'!A:D,3,0),"- - -") -> GENEL TEŞEKKÜR | I66: =IFERROR(VLOOKUP(F66,'Personel Bilgi'!A:D,4,0),"- - -") -> GENEL TEŞEKKÜR | J66: =IFERROR(VLOOKUP(F66,'Personel Bilgi'!A:E,5,0),"- - -") -> GENEL TEŞEKKÜR | K66: ARIZA | L66: TEŞEKKÜR | M66: ÇAĞRI MERKEZİNE GENEL OLARAK TEŞEKKÜR | N66: 46001 | O66: 46002 | P66: GEÇERLİ TEŞEKKÜR | Q66: - | R66: HALİDE PALAVAR | S66: YAPILMADI | T66: HAYIR | U66: - | V66: ARALIK | W66: 500079 | X66: =IFERROR(VLOOKUP(W66,'Personel Bilgi'!A:B,2,0),"---") -> BURÇIN ARICI | Y66: =IFERROR(VLOOKUP(W66,'Personel Bilgi'!A:C,3,0),"---") -> SALTUK BUGRAHAN TAYMUS | Z66: EVET | AA66: HATALI / EKSİK BİLGİ VERME | AB66: ARIZA | AC66: TEŞEKKÜR | AD66: ÇAĞRI MERKEZİNE GENEL OLARAK TEŞEKKÜR
A67: ÇAĞRI MERKEZİ | B67: * 16799562088129 | C67: 5446240552 | D67: ÇEDAŞ | E67: =IFERROR(VLOOKUP(D67,Tanımlar!C:D,2,0),"- - -") -> DAĞITIM | F67: 210376 | G67: =IFERROR(VLOOKUP(F67,'Personel Bilgi'!A:B,2,0),"- - - ") -> DIDEM AZIRKAN | H67: =IFERROR(VLOOKUP(F67,'Personel Bilgi'!A:D,3,0),"- - -") -> CEYHAN AYRIC | I67: =IFERROR(VLOOKUP(F67,'Personel Bilgi'!A:D,4,0),"- - -") -> KARS | J67: =IFERROR(VLOOKUP(F67,'Personel Bilgi'!A:E,5,0),"- - -") -> MÜŞTERİ TEMSİLCİSİ | K67: ARIZA | L67: SÜREÇ | M67: MÜŞTERİ TALEBİNE YARDIMCI OLMAMASI | N67: 46002 | O67: 46002 | P67: GEÇERSİZ ŞİKAYET | Q67: - | R67: HALİDE PALAVAR | S67: YAPILDI | T67: HAYIR | U67: 86 | V67: ARALIK | W67: 500079 | X67: =IFERROR(VLOOKUP(W67,'Personel Bilgi'!A:B,2,0),"---") -> BURÇIN ARICI | Y67: =IFERROR(VLOOKUP(W67,'Personel Bilgi'!A:C,3,0),"---") -> SALTUK BUGRAHAN TAYMUS | Z67: EVET | AA67: HATALI / EKSİK BİLGİ VERME | AB67: ARIZA | AC67: SÜREÇ | AD67: MÜŞTERİ TALEBİNE YARDIMCI OLMAMASI
A68: ŞİRKET İÇ BİRİM | B68: *5577961400 | C68: 5397232510 | D68: BEPSAŞ | E68: =IFERROR(VLOOKUP(D68,Tanımlar!C:D,2,0),"- - -") -> PERAKENDE | F68: 600618 | G68: =IFERROR(VLOOKUP(F68,'Personel Bilgi'!A:B,2,0),"- - - ") -> ENES ALI SATIR | H68: =IFERROR(VLOOKUP(F68,'Personel Bilgi'!A:D,3,0),"- - -") -> FERHAT DEMIR | I68: =IFERROR(VLOOKUP(F68,'Personel Bilgi'!A:D,4,0),"- - -") -> ANKARA | J68: =IFERROR(VLOOKUP(F68,'Personel Bilgi'!A:E,5,0),"- - -") -> MÜŞTERİ TEMSİLCİSİ | K68: MÜŞTERİ İŞLEMLERİ | L68: SÜREÇ | M68: MÜŞTERİ TALEBİNE YARDIMCI OLMAMASI | N68: 45993 | O68: 45994 | P68: GEÇERSİZ ŞİKAYET | Q68: - | R68: ŞEYMANUR ÇEVİK | S68: YAPILDI | T68: EVET | U68: 0 | V68: ARALIK | W68: 666666 | X68: =IFERROR(VLOOKUP(W68,'Personel Bilgi'!A:B,2,0),"---") -> İÇ BİRİM | Y68: =IFERROR(VLOOKUP(W68,'Personel Bilgi'!A:C,3,0),"---") -> İÇ BİRİM | Z68: =IFERROR(VLOOKUP(Y68,'Personel Bilgi'!C:D,2,0),"---") -> İÇ BİRİM | AA68: =IFERROR(VLOOKUP(Y68,'Personel Bilgi'!C:E,3,0),"---") -> İÇ BİRİM | AB68: MÜŞTERİ İŞLEMLERİ | AC68: SÜREÇ | AD68: MÜŞTERİ TALEBİNE YARDIMCI OLMAMASI
A69: ŞİRKET İÇ BİRİM | B69: *5577961400 | C69: 5397232510 | D69: BEPSAŞ | E69: =IFERROR(VLOOKUP(D69,Tanımlar!C:D,2,0),"- - -") -> PERAKENDE | F69: 600661 | G69: =IFERROR(VLOOKUP(F69,'Personel Bilgi'!A:B,2,0),"- - - ") -> ZEYNEP TEKELI | H69: =IFERROR(VLOOKUP(F69,'Personel Bilgi'!A:D,3,0),"- - -") -> BUSRA OLCULMUS | I69: =IFERROR(VLOOKUP(F69,'Personel Bilgi'!A:D,4,0),"- - -") -> ANKARA | J69: =IFERROR(VLOOKUP(F69,'Personel Bilgi'!A:E,5,0),"- - -") -> MÜŞTERİ TEMSİLCİSİ | K69: MÜŞTERİ İŞLEMLERİ | L69: SÜREÇ | M69: HATALI ABONELİK ÜZERİNDEN İŞLEM YAPILMASI | N69: 45993 | O69: 45994 | P69: GEÇERSİZ ŞİKAYET | Q69: - | R69: ŞEYMANUR ÇEVİK | S69: YAPILDI | T69: EVET | U69: 0 | V69: ARALIK | W69: 666666 | X69: =IFERROR(VLOOKUP(W69,'Personel Bilgi'!A:B,2,0),"---") -> İÇ BİRİM | Y69: =IFERROR(VLOOKUP(W69,'Personel Bilgi'!A:C,3,0),"---") -> İÇ BİRİM | Z69: =IFERROR(VLOOKUP(Y69,'Personel Bilgi'!C:D,2,0),"---") -> İÇ BİRİM | AA69: =IFERROR(VLOOKUP(Y69,'Personel Bilgi'!C:E,3,0),"---") -> İÇ BİRİM | AB69: MÜŞTERİ İŞLEMLERİ | AC69: SÜREÇ | AD69: HATALI ABONELİK ÜZERİNDEN İŞLEM YAPILMASI
A70: ŞİRKET İÇ BİRİM | B70: *5577961400 | C70: 5397232510 | D70: BEPSAŞ | E70: =IFERROR(VLOOKUP(D70,Tanımlar!C:D,2,0),"- - -") -> PERAKENDE | F70: 600657 | G70: =IFERROR(VLOOKUP(F70,'Personel Bilgi'!A:B,2,0),"- - - ") -> SEHER ERCAN | H70: =IFERROR(VLOOKUP(F70,'Personel Bilgi'!A:D,3,0),"- - -") -> FERHAT DEMIR | I70: =IFERROR(VLOOKUP(F70,'Personel Bilgi'!A:D,4,0),"- - -") -> ANKARA | J70: =IFERROR(VLOOKUP(F70,'Personel Bilgi'!A:E,5,0),"- - -") -> MÜŞTERİ TEMSİLCİSİ | K70: MÜŞTERİ İŞLEMLERİ | L70: SÜREÇ | M70: MÜŞTERİ TALEBİNE YARDIMCI OLMAMASI | N70: 45993 | O70: 45994 | P70: GEÇERSİZ ŞİKAYET | Q70: - | R70: ŞEYMANUR ÇEVİK | S70: YAPILMADI | T70: HAYIR | U70: - | V70: ARALIK | W70: 666666 | X70: =IFERROR(VLOOKUP(W70,'Personel Bilgi'!A:B,2,0),"---") -> İÇ BİRİM | Y70: =IFERROR(VLOOKUP(W70,'Personel Bilgi'!A:C,3,0),"---") -> İÇ BİRİM | Z70: =IFERROR(VLOOKUP(Y70,'Personel Bilgi'!C:D,2,0),"---") -> İÇ BİRİM | AA70: =IFERROR(VLOOKUP(Y70,'Personel Bilgi'!C:E,3,0),"---") -> İÇ BİRİM | AB70: MÜŞTERİ İŞLEMLERİ | AC70: SÜREÇ | AD70: MÜŞTERİ TALEBİNE YARDIMCI OLMAMASI
A71: CİMER | B71: *23734251760 | C71: 5337319588 | D71: AEDAŞ | E71: =IFERROR(VLOOKUP(D71,Tanımlar!C:D,2,0),"- - -") -> DAĞITIM | F71: 500040 | G71: =IFERROR(VLOOKUP(F71,'Personel Bilgi'!A:B,2,0),"- - - ") -> CANER CAMCI | H71: =IFERROR(VLOOKUP(F71,'Personel Bilgi'!A:D,3,0),"- - -") -> MEHMET ALI SAVAN | I71: =IFERROR(VLOOKUP(F71,'Personel Bilgi'!A:D,4,0),"- - -") -> ERZURUM | J71: =IFERROR(VLOOKUP(F71,'Personel Bilgi'!A:E,5,0),"- - -") -> MÜŞTERİ TEMSİLCİSİ | K71: GENEL TALEPLER | L71: DAVRANIŞ | M71: MÜŞTERİNİN İSTEĞİ DIŞINDA ÇAĞRININ SONLANDIRILMASI | N71: 45994 | O71: 45994 | P71: GEÇERSİZ ŞİKAYET | Q71: - | R71: ŞEYMANUR ÇEVİK | S71: YAPILMADI | T71: HAYIR | U71: - | V71: ARALIK | W71: 888888 | X71: =IFERROR(VLOOKUP(W71,'Personel Bilgi'!A:B,2,0),"---") -> CİMER | Y71: =IFERROR(VLOOKUP(W71,'Personel Bilgi'!A:C,3,0),"---") -> CİMER | Z71: =IFERROR(VLOOKUP(Y71,'Personel Bilgi'!C:D,2,0),"---") -> CİMER | AA71: =IFERROR(VLOOKUP(Y71,'Personel Bilgi'!C:E,3,0),"---") -> CİMER | AB71: GENEL TALEPLER | AC71: DAVRANIŞ | AD71: MÜŞTERİNİN İSTEĞİ DIŞINDA ÇAĞRININ SONLANDIRILMASI
A72: CİMER | B72: *23734251760 | C72: 5337319588 | D72: AEDAŞ | E72: =IFERROR(VLOOKUP(D72,Tanımlar!C:D,2,0),"- - -") -> DAĞITIM | F72: 500078 | G72: =IFERROR(VLOOKUP(F72,'Personel Bilgi'!A:B,2,0),"- - - ") -> DUYGU DEMIRCI | H72: =IFERROR(VLOOKUP(F72,'Personel Bilgi'!A:D,3,0),"- - -") -> SALTUK BUGRAHAN TAYMUS | I72: =IFERROR(VLOOKUP(F72,'Personel Bilgi'!A:D,4,0),"- - -") -> ERZURUM | J72: =IFERROR(VLOOKUP(F72,'Personel Bilgi'!A:E,5,0),"- - -") -> MÜŞTERİ TEMSİLCİSİ | K72: GENEL TALEPLER | L72: DAVRANIŞ | M72: MÜŞTERİNİN İSTEĞİ DIŞINDA ÇAĞRININ SONLANDIRILMASI | N72: 45994 | O72: 45994 | P72: GEÇERSİZ ŞİKAYET | Q72: - | R72: ŞEYMANUR ÇEVİK | S72: YAPILMADI | T72: HAYIR | U72: - | V72: ARALIK | W72: 888888 | X72: =IFERROR(VLOOKUP(W72,'Personel Bilgi'!A:B,2,0),"---") -> CİMER | Y72: =IFERROR(VLOOKUP(W72,'Personel Bilgi'!A:C,3,0),"---") -> CİMER | Z72: =IFERROR(VLOOKUP(Y72,'Personel Bilgi'!C:D,2,0),"---") -> CİMER | AA72: =IFERROR(VLOOKUP(Y72,'Personel Bilgi'!C:E,3,0),"---") -> CİMER | AB72: GENEL TALEPLER | AC72: DAVRANIŞ | AD72: MÜŞTERİNİN İSTEĞİ DIŞINDA ÇAĞRININ SONLANDIRILMASI
A73: CİMER | B73: *23734251760 | C73: 5337319588 | D73: AEDAŞ | E73: =IFERROR(VLOOKUP(D73,Tanımlar!C:D,2,0),"- - -") -> DAĞITIM | F73: 500079 | G73: BURCIN ARICI | H73: =IFERROR(VLOOKUP(F73,'Personel Bilgi'!A:D,3,0),"- - -") -> SALTUK BUGRAHAN TAYMUS | I73: =IFERROR(VLOOKUP(F73,'Personel Bilgi'!A:D,4,0),"- - -") -> ERZURUM | J73: =IFERROR(VLOOKUP(F73,'Personel Bilgi'!A:E,5,0),"- - -") -> MÜŞTERİ TEMSİLCİSİ | K73: GENEL TALEPLER | L73: DAVRANIŞ | M73: MÜŞTERİNİN İSTEĞİ DIŞINDA ÇAĞRININ SONLANDIRILMASI | N73: 45994 | O73: 45994 | P73: GEÇERSİZ ŞİKAYET | Q73: - | R73: ŞEYMANUR ÇEVİK | S73: YAPILMADI | T73: HAYIR | U73: - | V73: ARALIK | W73: 888888 | X73: =IFERROR(VLOOKUP(W73,'Personel Bilgi'!A:B,2,0),"---") -> CİMER | Y73: =IFERROR(VLOOKUP(W73,'Personel Bilgi'!A:C,3,0),"---") -> CİMER | Z73: =IFERROR(VLOOKUP(Y73,'Personel Bilgi'!C:D,2,0),"---") -> CİMER | AA73: =IFERROR(VLOOKUP(Y73,'Personel Bilgi'!C:E,3,0),"---") -> CİMER | AB73: GENEL TALEPLER | AC73: DAVRANIŞ | AD73: MÜŞTERİNİN İSTEĞİ DIŞINDA ÇAĞRININ SONLANDIRILMASI
A74: CİMER | B74: *23734251760 | C74: 5337319588 | D74: AEDAŞ | E74: =IFERROR(VLOOKUP(D74,Tanımlar!C:D,2,0),"- - -") -> DAĞITIM | F74: 111182 | G74: =IFERROR(VLOOKUP(F74,'Personel Bilgi'!A:B,2,0),"- - - ") -> DIDEM KENCU | H74: =IFERROR(VLOOKUP(F74,'Personel Bilgi'!A:D,3,0),"- - -") -> SEVCAN BULUT | I74: =IFERROR(VLOOKUP(F74,'Personel Bilgi'!A:D,4,0),"- - -") -> KARS | J74: =IFERROR(VLOOKUP(F74,'Personel Bilgi'!A:E,5,0),"- - -") -> MÜŞTERİ TEMSİLCİSİ | K74: GENEL TALEPLER | L74: DAVRANIŞ | M74: MÜŞTERİNİN İSTEĞİ DIŞINDA ÇAĞRININ SONLANDIRILMASI | N74: 45994 | O74: 45994 | P74: GEÇERSİZ ŞİKAYET | Q74: - | R74: ŞEYMANUR ÇEVİK | S74: YAPILMADI | T74: HAYIR | U74: - | V74: ARALIK | W74: 888888 | X74: =IFERROR(VLOOKUP(W74,'Personel Bilgi'!A:B,2,0),"---") -> CİMER | Y74: =IFERROR(VLOOKUP(W74,'Personel Bilgi'!A:C,3,0),"---") -> CİMER | Z74: =IFERROR(VLOOKUP(Y74,'Personel Bilgi'!C:D,2,0),"---") -> CİMER | AA74: =IFERROR(VLOOKUP(Y74,'Personel Bilgi'!C:E,3,0),"---") -> CİMER | AB74: GENEL TALEPLER | AC74: DAVRANIŞ | AD74: MÜŞTERİNİN İSTEĞİ DIŞINDA ÇAĞRININ SONLANDIRILMASI
A75: ÇAĞRI MERKEZİ | B75: *40189127520257 | C75: 5345764171 | D75: BEDAŞ | E75: =IFERROR(VLOOKUP(D75,Tanımlar!C:D,2,0),"- - -") -> DAĞITIM | F75: 500147 | G75: =IFERROR(VLOOKUP(F75,'Personel Bilgi'!A:B,2,0),"- - - ") -> CAGLAR KURSAT YILMAZ | H75: =IFERROR(VLOOKUP(F75,'Personel Bilgi'!A:D,3,0),"- - -") -> KURSAD TERCANLI | I75: =IFERROR(VLOOKUP(F75,'Personel Bilgi'!A:D,4,0),"- - -") -> ERZURUM | J75: =IFERROR(VLOOKUP(F75,'Personel Bilgi'!A:E,5,0),"- - -") -> MÜŞTERİ TEMSİLCİSİ | K75: GENEL TALEPLER | L75: DAVRANIŞ | M75: MÜŞTERİNİN İSTEĞİ DIŞINDA ÇAĞRININ SONLANDIRILMASI | N75: 45994 | O75: 45996 | P75: GEÇERSİZ ŞİKAYET | Q75: - | R75: ŞEYMANUR ÇEVİK | S75: YAPILMADI | T75: HAYIR | U75: - | V75: ARALIK | W75: 500151 | X75: =IFERROR(VLOOKUP(W75,'Personel Bilgi'!A:B,2,0),"---") -> EMINE ABI | Y75: =IFERROR(VLOOKUP(W75,'Personel Bilgi'!A:C,3,0),"---") -> KURSAD TERCANLI | Z75: HAYIR | AA75: HATASIZ ÇAĞRI | AB75: GENEL TALEPLER | AC75: DAVRANIŞ | AD75: MÜŞTERİNİN İSTEĞİ DIŞINDA ÇAĞRININ SONLANDIRILMASI
A76: ÇAĞRI MERKEZİ | B76: *38037828992914 | C76: 5305703520 | D76: AEDAŞ | E76: =IFERROR(VLOOKUP(D76,Tanımlar!C:D,2,0),"- - -") -> DAĞITIM | F76: 500196 | G76: =IFERROR(VLOOKUP(F76,'Personel Bilgi'!A:B,2,0),"- - - ") -> MUHAMMED IKBAL KARABACAK | H76: =IFERROR(VLOOKUP(F76,'Personel Bilgi'!A:D,3,0),"- - -") -> TURGUT AKDAG | I76: =IFERROR(VLOOKUP(F76,'Personel Bilgi'!A:D,4,0),"- - -") -> ERZURUM | J76: =IFERROR(VLOOKUP(F76,'Personel Bilgi'!A:E,5,0),"- - -") -> MÜŞTERİ TEMSİLCİSİ | K76: AYDINLATMA | L76: DAVRANIŞ | M76: MÜŞTERİNİN İSTEĞİ DIŞINDA ÇAĞRININ SONLANDIRILMASI | N76: 45994 | O76: 45999 | P76: YAZILI UYARI YAPILDI | Q76: - | R76: ŞEYMANUR ÇEVİK | S76: YAPILDI | T76: EVET | U76: 0 | V76: ARALIK | W76: 500093 | X76: =IFERROR(VLOOKUP(W76,'Personel Bilgi'!A:B,2,0),"---") -> EMRE GUNES | Y76: =IFERROR(VLOOKUP(W76,'Personel Bilgi'!A:C,3,0),"---") -> METEHAN EMRE SIRMALI | Z76: HAYIR | AA76: HATASIZ ÇAĞRI | AB76: AYDINLATMA | AC76: DAVRANIŞ | AD76: MÜŞTERİNİN İSTEĞİ DIŞINDA ÇAĞRININ SONLANDIRILMASI
A77: ÇAĞRI MERKEZİ | B77: *84636038938924 | C77: 5398685195 | D77: AEDAŞ | E77: =IFERROR(VLOOKUP(D77,Tanımlar!C:D,2,0),"- - -") -> DAĞITIM | F77: 500075 | G77: =IFERROR(VLOOKUP(F77,'Personel Bilgi'!A:B,2,0),"- - - ") -> AHMET SEFA BASBUGA | H77: =IFERROR(VLOOKUP(F77,'Personel Bilgi'!A:D,3,0),"- - -") -> SALTUK BUGRAHAN TAYMUS | I77: =IFERROR(VLOOKUP(F77,'Personel Bilgi'!A:D,4,0),"- - -") -> ERZURUM | J77: =IFERROR(VLOOKUP(F77,'Personel Bilgi'!A:E,5,0),"- - -") -> MÜŞTERİ TEMSİLCİSİ | K77: SAYAÇ İŞLEMLERİ | L77: SÜREÇ | M77: MÜŞTERİ TALEBİNE YARDIMCI OLMAMASI | N77: 45995 | O77: 45999 | P77: GEÇERSİZ ŞİKAYET | Q77: - | R77: ŞEYMANUR ÇEVİK | S77: YAPILDI | T77: HAYIR | U77: 100 | V77: ARALIK | W77: 500043 | X77: =IFERROR(VLOOKUP(W77,'Personel Bilgi'!A:B,2,0),"---") -> ELANUR DUMLU | Y77: =IFERROR(VLOOKUP(W77,'Personel Bilgi'!A:C,3,0),"---") -> MEHMET ALI SAVAN | Z77: EVET | AA77: HATALI / EKSİK BİLGİ VERME | AB77: SAYAÇ İŞLEMLERİ | AC77: SÜREÇ | AD77: MÜŞTERİ TALEBİNE YARDIMCI OLMAMASI
A78: ÇAĞRI MERKEZİ | B78: *61599149708119 | C78: 5055031052 | D78: AEDAŞ | E78: =IFERROR(VLOOKUP(D78,Tanımlar!C:D,2,0),"- - -") -> DAĞITIM | F78: 500132 | G78: =IFERROR(VLOOKUP(F78,'Personel Bilgi'!A:B,2,0),"- - - ") -> SONGUL BEKCI | H78: =IFERROR(VLOOKUP(F78,'Personel Bilgi'!A:D,3,0),"- - -") -> TURGUT AKDAG | I78: =IFERROR(VLOOKUP(F78,'Personel Bilgi'!A:D,4,0),"- - -") -> ERZURUM | J78: =IFERROR(VLOOKUP(F78,'Personel Bilgi'!A:E,5,0),"- - -") -> MÜŞTERİ TEMSİLCİSİ | K78: İŞLETME TALEPLERİ | L78: SÜREÇ | M78: MÜŞTERİ TALEBİNE YARDIMCI OLMAMASI | N78: 45992 | O78: 45999 | P78: SÖZLÜ UYARI YAPILDI | Q78: - | R78: ŞEYMANUR ÇEVİK | S78: YAPILDI | T78: EVET | U78: 0 | V78: ARALIK | W78: 500069 | X78: =IFERROR(VLOOKUP(W78,'Personel Bilgi'!A:B,2,0),"---") -> HUMEYYA ILAYDA ORS | Y78: =IFERROR(VLOOKUP(W78,'Personel Bilgi'!A:C,3,0),"---") -> SALTUK BUGRAHAN TAYMUS | Z78: HAYIR | AA78: HATASIZ ÇAĞRI | AB78: İŞLETME TALEPLERİ | AC78: SÜREÇ | AD78: MÜŞTERİ TALEBİNE YARDIMCI OLMAMASI
A79: ÇAĞRI MERKEZİ | B79: *27858296276453 | C79: 5510853149 | D79: AEDAŞ | E79: =IFERROR(VLOOKUP(D79,Tanımlar!C:D,2,0),"- - -") -> DAĞITIM | F79: - | G79: =IFERROR(VLOOKUP(F79,'Personel Bilgi'!A:B,2,0),"- - - ") -> - - - | H79: =IFERROR(VLOOKUP(F79,'Personel Bilgi'!A:D,3,0),"- - -") -> - - - | I79: =IFERROR(VLOOKUP(F79,'Personel Bilgi'!A:D,4,0),"- - -") -> - - - | J79: =IFERROR(VLOOKUP(F79,'Personel Bilgi'!A:E,5,0),"- - -") -> - - - | K79: - | L79: DAVRANIŞ | M79: YETERSİZ VERİ | N79: - | O79: 45999 | P79: GEÇERSİZ ŞİKAYET | Q79: - | R79: ŞEYMANUR ÇEVİK | S79: YAPILMADI | T79: HAYIR | U79: - | V79: ARALIK | W79: 500118 | X79: =IFERROR(VLOOKUP(W79,'Personel Bilgi'!A:B,2,0),"---") -> AYSE KOKSAL | Y79: =IFERROR(VLOOKUP(W79,'Personel Bilgi'!A:C,3,0),"---") -> SAMET KOCABEYOGLU | Z79: EVET | AA79: HATALI / EKSİK BİLGİ VERME | AB79: - | AC79: DAVRANIŞ | AD79: YETERSİZ VERİ | AE79: GSM NODAN KAYNAKLI SIKAYETE ULASILAMADI
A80: ÇAĞRI MERKEZİ | B80: *95328502893739 | C80: 5322358696 | D80: AEDAŞ | E80: =IFERROR(VLOOKUP(D80,Tanımlar!C:D,2,0),"- - -") -> DAĞITIM | F80: 500157 | G80: =IFERROR(VLOOKUP(F80,'Personel Bilgi'!A:B,2,0),"- - - ") -> KADIR ATES | H80: =IFERROR(VLOOKUP(F80,'Personel Bilgi'!A:D,3,0),"- - -") -> KURSAD TERCANLI | I80: =IFERROR(VLOOKUP(F80,'Personel Bilgi'!A:D,4,0),"- - -") -> ERZURUM | J80: =IFERROR(VLOOKUP(F80,'Personel Bilgi'!A:E,5,0),"- - -") -> MÜŞTERİ TEMSİLCİSİ | K80: ARIZA | L80: DAVRANIŞ | M80: TAVIR, TARZ YAPMAK, SES YÜKSELTMEK VB. | N80: 45997 | O80: 45999 | P80: GEÇERSİZ ŞİKAYET | Q80: - | R80: ŞEYMANUR ÇEVİK | S80: YAPILDI | T80: EVET | U80: 0 | V80: ARALIK | W80: 111253 | X80: =IFERROR(VLOOKUP(W80,'Personel Bilgi'!A:B,2,0),"---") -> TUGBA ALTUNOK | Y80: =IFERROR(VLOOKUP(W80,'Personel Bilgi'!A:C,3,0),"---") -> YAPRAK KARAKOC | Z80: HAYIR | AA80: HATASIZ ÇAĞRI | AB80: ARIZA | AC80: DAVRANIŞ | AD80: TAVIR, TARZ YAPMAK, SES YÜKSELTMEK VB.
A81: ÇAĞRI MERKEZİ | B81: *09273024475149 | C81: 5466766546 | D81: AEDAŞ | E81: =IFERROR(VLOOKUP(D81,Tanımlar!C:D,2,0),"- - -") -> DAĞITIM | F81: 500181 | G81: =IFERROR(VLOOKUP(F81,'Personel Bilgi'!A:B,2,0),"- - - ") -> IREM BAHAR UYGUN | H81: =IFERROR(VLOOKUP(F81,'Personel Bilgi'!A:D,3,0),"- - -") -> SAMET KOCABEYOGLU | I81: =IFERROR(VLOOKUP(F81,'Personel Bilgi'!A:D,4,0),"- - -") -> ERZURUM | J81: =IFERROR(VLOOKUP(F81,'Personel Bilgi'!A:E,5,0),"- - -") -> MÜŞTERİ TEMSİLCİSİ | K81: ARIZA | L81: SÜREÇ | M81: MÜŞTERİ TALEBİNE YARDIMCI OLMAMASI | N81: 45996 | O81: 45999 | P81: GEÇERSİZ ŞİKAYET | Q81: - | R81: ŞEYMANUR ÇEVİK | S81: YAPILDI | T81: HAYIR | U81: 98 | V81: ARALIK | W81: 500024 | X81: =IFERROR(VLOOKUP(W81,'Personel Bilgi'!A:B,2,0),"---") -> MERVE URUK | Y81: =IFERROR(VLOOKUP(W81,'Personel Bilgi'!A:C,3,0),"---") -> ERDOGAN DURUK | Z81: HAYIR | AA81: HATASIZ ÇAĞRI | AB81: ARIZA | AC81: SÜREÇ | AD81: MÜŞTERİ TALEBİNE YARDIMCI OLMAMASI
A82: ÇAĞRI MERKEZİ | B82: *09273024475149 | C82: 5466766546 | D82: AEDAŞ | E82: =IFERROR(VLOOKUP(D82,Tanımlar!C:D,2,0),"- - -") -> DAĞITIM | F82: 500143 | G82: =IFERROR(VLOOKUP(F82,'Personel Bilgi'!A:B,2,0),"- - - ") -> AYDANUR TANAS | H82: =IFERROR(VLOOKUP(F82,'Personel Bilgi'!A:D,3,0),"- - -") -> KURSAD TERCANLI | I82: =IFERROR(VLOOKUP(F82,'Personel Bilgi'!A:D,4,0),"- - -") -> ERZURUM | J82: =IFERROR(VLOOKUP(F82,'Personel Bilgi'!A:E,5,0),"- - -") -> MÜŞTERİ TEMSİLCİSİ | K82: ARIZA | L82: SÜREÇ | M82: MÜŞTERİ TALEBİNE YARDIMCI OLMAMASI | N82: 45996 | O82: 45999 | P82: SÖZLÜ UYARI YAPILDI | Q82: - | R82: ŞEYMANUR ÇEVİK | S82: YAPILDI | T82: EVET | U82: 0 | V82: ARALIK | W82: 500024 | X82: =IFERROR(VLOOKUP(W82,'Personel Bilgi'!A:B,2,0),"---") -> MERVE URUK | Y82: =IFERROR(VLOOKUP(W82,'Personel Bilgi'!A:C,3,0),"---") -> ERDOGAN DURUK | Z82: HAYIR | AA82: HATASIZ ÇAĞRI | AB82: ARIZA | AC82: SÜREÇ | AD82: MÜŞTERİ TALEBİNE YARDIMCI OLMAMASI
A83: ÇAĞRI MERKEZİ | B83: *67627134964761 | C83: 5348940188 | D83: AEDAŞ | E83: =IFERROR(VLOOKUP(D83,Tanımlar!C:D,2,0),"- - -") -> DAĞITIM | F83: 111193 | G83: =IFERROR(VLOOKUP(F83,'Personel Bilgi'!A:B,2,0),"- - - ") -> ROJDA BAHAR AKKAYA | H83: =IFERROR(VLOOKUP(F83,'Personel Bilgi'!A:D,3,0),"- - -") -> ERCUMENT GUNESSU | I83: =IFERROR(VLOOKUP(F83,'Personel Bilgi'!A:D,4,0),"- - -") -> KARS | J83: =IFERROR(VLOOKUP(F83,'Personel Bilgi'!A:E,5,0),"- - -") -> MÜŞTERİ TEMSİLCİSİ | K83: ARIZA | L83: DAVRANIŞ | M83: TAVIR, TARZ YAPMAK, SES YÜKSELTMEK VB. | N83: 45998 | O83: 45999 | P83: GEÇERSİZ ŞİKAYET | Q83: - | R83: ŞEYMANUR ÇEVİK | S83: YAPILDI | T83: EVET | U83: 0 | V83: ARALIK | W83: 210163 | X83: =IFERROR(VLOOKUP(W83,'Personel Bilgi'!A:B,2,0),"---") -> GIZEM CELIK | Y83: =IFERROR(VLOOKUP(W83,'Personel Bilgi'!A:C,3,0),"---") -> YAREN OZAYAG | Z83: HAYIR | AA83: HATASIZ ÇAĞRI | AB83: ARIZA | AC83: DAVRANIŞ | AD83: TAVIR, TARZ YAPMAK, SES YÜKSELTMEK VB.
A84: ÇAĞRI MERKEZİ | B84: *67474750157496 | C84: 5389834117 | D84: BEPSAŞ | E84: =IFERROR(VLOOKUP(D84,Tanımlar!C:D,2,0),"- - -") -> PERAKENDE | F84: 111212 | G84: =IFERROR(VLOOKUP(F84,'Personel Bilgi'!A:B,2,0),"- - - ") -> TULIN ANCI | H84: =IFERROR(VLOOKUP(F84,'Personel Bilgi'!A:D,3,0),"- - -") -> YAPRAK KARAKOC | I84: =IFERROR(VLOOKUP(F84,'Personel Bilgi'!A:D,4,0),"- - -") -> KARS | J84: =IFERROR(VLOOKUP(F84,'Personel Bilgi'!A:E,5,0),"- - -") -> MÜŞTERİ TEMSİLCİSİ | K84: AÇMA KESME | L84: SÜREÇ | M84: MÜŞTERİ TALEBİNE YARDIMCI OLMAMASI | N84: 45995 | O84: 45999 | P84: YAZILI UYARI YAPILDI | Q84: - | R84: ŞEYMANUR ÇEVİK | S84: YAPILDI | T84: EVET | U84: 0 | V84: ARALIK | W84: 110938 | X84: =IFERROR(VLOOKUP(W84,'Personel Bilgi'!A:B,2,0),"---") -> MUHAMMED CAN SEFERTAS | Y84: =IFERROR(VLOOKUP(W84,'Personel Bilgi'!A:C,3,0),"---") -> YAPRAK KARAKOC | Z84: HAYIR | AA84: HATASIZ ÇAĞRI | AB84: AÇMA KESME | AC84: SÜREÇ | AD84: MÜŞTERİ TALEBİNE YARDIMCI OLMAMASI
A85: ÇAĞRI MERKEZİ | B85: *94875261136892 | C85: 5323498122 | D85: BEPSAŞ | E85: =IFERROR(VLOOKUP(D85,Tanımlar!C:D,2,0),"- - -") -> PERAKENDE | F85: 600604 | G85: =IFERROR(VLOOKUP(F85,'Personel Bilgi'!A:B,2,0),"- - - ") -> IPEK SERIFE ALTAY | H85: =IFERROR(VLOOKUP(F85,'Personel Bilgi'!A:D,3,0),"- - -") -> İNAN UMUT ÖRNEK | I85: =IFERROR(VLOOKUP(F85,'Personel Bilgi'!A:D,4,0),"- - -") -> ANKARA | J85: =IFERROR(VLOOKUP(F85,'Personel Bilgi'!A:E,5,0),"- - -") -> MÜŞTERİ TEMSİLCİSİ | K85: BİLGİ EDİNME | L85: DAVRANIŞ | M85: MÜŞTERİNİN YÜZÜNE TELEFON KAPATMA | N85: 45995 | O85: 45999 | P85: YAZILI UYARI YAPILDI | Q85: - | R85: ŞEYMANUR ÇEVİK | S85: YAPILDI | T85: EVET | U85: 0 | V85: ARALIK | W85: 600455 | X85: =IFERROR(VLOOKUP(W85,'Personel Bilgi'!A:B,2,0),"---") -> VUSLAT UNAL | Y85: =IFERROR(VLOOKUP(W85,'Personel Bilgi'!A:C,3,0),"---") -> GORKEM SERT | Z85: EVET | AA85: HATALI / EKSİK BİLGİ VERME | AB85: BİLGİ EDİNME | AC85: DAVRANIŞ | AD85: MÜŞTERİNİN YÜZÜNE TELEFON KAPATMA
A86: ÇAĞRI MERKEZİ | B86: *68081307875737 | C86: 5414475842 | D86: BEPSAŞ | E86: =IFERROR(VLOOKUP(D86,Tanımlar!C:D,2,0),"- - -") -> PERAKENDE | F86: 600506 | G86: =IFERROR(VLOOKUP(F86,'Personel Bilgi'!A:B,2,0),"- - - ") -> NURAY ARLI | H86: =IFERROR(VLOOKUP(F86,'Personel Bilgi'!A:D,3,0),"- - -") -> İNAN UMUT ÖRNEK | I86: =IFERROR(VLOOKUP(F86,'Personel Bilgi'!A:D,4,0),"- - -") -> ANKARA | J86: =IFERROR(VLOOKUP(F86,'Personel Bilgi'!A:E,5,0),"- - -") -> TAKIM LİDERİ | K86: FATURA İŞLEMLERİ | L86: SÜREÇ | M86: MÜŞTERİ TALEBİNE YARDIMCI OLMAMASI | N86: 45995 | O86: 45999 | P86: GEÇERSİZ ŞİKAYET | Q86: - | R86: ŞEYMANUR ÇEVİK | S86: YAPILDI | T86: HAYIR | U86: 76 | V86: ARALIK | W86: 600506 | X86: NURAY ARLI | Y86: İNAN UMUT ÖRNEK | Z86: EVET | AA86: HATALI / EKSİK BİLGİ VERME | AB86: FATURA İŞLEMLERİ | AC86: SÜREÇ | AD86: MÜŞTERİ TALEBİNE YARDIMCI OLMAMASI
A87: ÇAĞRI MERKEZİ | B87: *64684544865705 | C87: 5336983288 | D87: BEPSAŞ | E87: =IFERROR(VLOOKUP(D87,Tanımlar!C:D,2,0),"- - -") -> PERAKENDE | F87: 600721 | G87: =IFERROR(VLOOKUP(F87,'Personel Bilgi'!A:B,2,0),"- - - ") -> ESRA SONMEZ | H87: =IFERROR(VLOOKUP(F87,'Personel Bilgi'!A:D,3,0),"- - -") -> BUSRA OLCULMUS | I87: =IFERROR(VLOOKUP(F87,'Personel Bilgi'!A:D,4,0),"- - -") -> ANKARA | J87: =IFERROR(VLOOKUP(F87,'Personel Bilgi'!A:E,5,0),"- - -") -> MÜŞTERİ TEMSİLCİSİ | K87: FATURA İŞLEMLERİ | L87: SÜREÇ | M87: MÜŞTERİ TALEBİNE YARDIMCI OLMAMASI | N87: 45996 | O87: 45999 | P87: SÖZLÜ UYARI YAPILDI | Q87: - | R87: ŞEYMANUR ÇEVİK | S87: YAPILDI | T87: EVET | U87: 0 | V87: ARALIK | W87: 111205 | X87: =IFERROR(VLOOKUP(W87,'Personel Bilgi'!A:B,2,0),"---") -> ESRA ATMACA | Y87: =IFERROR(VLOOKUP(W87,'Personel Bilgi'!A:C,3,0),"---") -> MUHAMMET AKSU | Z87: HAYIR | AA87: HATASIZ ÇAĞRI | AB87: FATURA İŞLEMLERİ | AC87: SÜREÇ | AD87: MÜŞTERİ TALEBİNE YARDIMCI OLMAMASI
A88: ÇAĞRI MERKEZİ | B88: *98077338459862 | C88: 5347811781 | D88: BEPSAŞ | E88: =IFERROR(VLOOKUP(D88,Tanımlar!C:D,2,0),"- - -") -> PERAKENDE | F88: 600612 | G88: =IFERROR(VLOOKUP(F88,'Personel Bilgi'!A:B,2,0),"- - - ") -> ZEYNEP ULUSOY | H88: =IFERROR(VLOOKUP(F88,'Personel Bilgi'!A:D,3,0),"- - -") -> ASYA DAG | I88: =IFERROR(VLOOKUP(F88,'Personel Bilgi'!A:D,4,0),"- - -") -> ANKARA | J88: =IFERROR(VLOOKUP(F88,'Personel Bilgi'!A:E,5,0),"- - -") -> MÜŞTERİ TEMSİLCİSİ | K88: FATURA İŞLEMLERİ | L88: SÜREÇ | M88: HATALI MÜHİM/MOD/ÇAĞRI MERKEZİ VB. YÖNLENDİRME | N88: 45997 | O88: 46000 | P88: SÖZLÜ UYARI YAPILDI | Q88: - | R88: ŞEYMANUR ÇEVİK | S88: YAPILDI | T88: EVET | U88: 0 | V88: ARALIK | W88: 600612 | X88: =IFERROR(VLOOKUP(W88,'Personel Bilgi'!A:B,2,0),"---") -> ZEYNEP ULUSOY | Y88: =IFERROR(VLOOKUP(W88,'Personel Bilgi'!A:C,3,0),"---") -> ASYA DAG | Z88: EVET | AA88: HATALI / EKSİK BİLGİ VERME | AB88: FATURA İŞLEMLERİ | AC88: SÜREÇ | AD88: HATALI MÜHİM/MOD/ÇAĞRI MERKEZİ VB. YÖNLENDİRME
A89: ÇAĞRI MERKEZİ | B89: *44601316698951 | C89: 5547508168 | D89: AEDAŞ | E89: =IFERROR(VLOOKUP(D89,Tanımlar!C:D,2,0),"- - -") -> DAĞITIM | F89: 500113 | G89: =IFERROR(VLOOKUP(F89,'Personel Bilgi'!A:B,2,0),"- - - ") -> SENA DEMIR | H89: =IFERROR(VLOOKUP(F89,'Personel Bilgi'!A:D,3,0),"- - -") -> METEHAN EMRE SIRMALI | I89: =IFERROR(VLOOKUP(F89,'Personel Bilgi'!A:D,4,0),"- - -") -> ERZURUM | J89: =IFERROR(VLOOKUP(F89,'Personel Bilgi'!A:E,5,0),"- - -") -> MÜŞTERİ TEMSİLCİSİ | K89: ARIZA | L89: SÜREÇ | M89: MÜŞTERİ TALEBİNE YARDIMCI OLMAMASI | N89: 45997 | O89: 46000 | P89: SÖZLÜ UYARI YAPILDI | Q89: - | R89: ŞEYMANUR ÇEVİK | S89: YAPILDI | T89: EVET | U89: 0 | V89: ARALIK | W89: 111253 | X89: =IFERROR(VLOOKUP(W89,'Personel Bilgi'!A:B,2,0),"---") -> TUGBA ALTUNOK | Y89: =IFERROR(VLOOKUP(W89,'Personel Bilgi'!A:C,3,0),"---") -> YAPRAK KARAKOC | Z89: HAYIR | AA89: HATASIZ ÇAĞRI | AB89: ARIZA | AC89: SÜREÇ | AD89: MÜŞTERİ TALEBİNE YARDIMCI OLMAMASI
A90: ÇAĞRI MERKEZİ | B90: *87050688424209 | C90: 5435220740 | D90: AEDAŞ | E90: =IFERROR(VLOOKUP(D90,Tanımlar!C:D,2,0),"- - -") -> DAĞITIM | F90: 500057 | G90: =IFERROR(VLOOKUP(F90,'Personel Bilgi'!A:B,2,0),"- - - ") -> SAMET KOCABEYOGLU | H90: SAMET KOCABEYOGLU | I90: =IFERROR(VLOOKUP(F90,'Personel Bilgi'!A:D,4,0),"- - -") -> ERZURUM | J90: =IFERROR(VLOOKUP(F90,'Personel Bilgi'!A:E,5,0),"- - -") -> MÜŞTERİ TEMSİLCİSİ | K90: ARIZA | L90: SÜREÇ | M90: MÜŞTERİ TALEBİNE YARDIMCI OLMAMASI | N90: 45999 | O90: 46000 | P90: GEÇERSİZ ŞİKAYET | Q90: - | R90: ŞEYMANUR ÇEVİK | S90: YAPILMADI | T90: HAYIR | U90: - | V90: ARALIK | W90: 500024 | X90: =IFERROR(VLOOKUP(W90,'Personel Bilgi'!A:B,2,0),"---") -> MERVE URUK | Y90: =IFERROR(VLOOKUP(W90,'Personel Bilgi'!A:C,3,0),"---") -> ERDOGAN DURUK | Z90: HAYIR | AA90: HATASIZ ÇAĞRI | AB90: ARIZA | AC90: SÜREÇ | AD90: MÜŞTERİ TALEBİNE YARDIMCI OLMAMASI
A91: ÇAĞRI MERKEZİ | B91: *77661791620289 / *98638475408774 | C91: 5523248951 | D91: AEDAŞ | E91: =IFERROR(VLOOKUP(D91,Tanımlar!C:D,2,0),"- - -") -> DAĞITIM | F91: 500128 | G91: =IFERROR(VLOOKUP(F91,'Personel Bilgi'!A:B,2,0),"- - - ") -> NILUFER HAZAN CIFCI | H91: =IFERROR(VLOOKUP(F91,'Personel Bilgi'!A:D,3,0),"- - -") -> SAMET KOCABEYOGLU | I91: =IFERROR(VLOOKUP(F91,'Personel Bilgi'!A:D,4,0),"- - -") -> ERZURUM | J91: =IFERROR(VLOOKUP(F91,'Personel Bilgi'!A:E,5,0),"- - -") -> MÜŞTERİ TEMSİLCİSİ | K91: ARIZA | L91: ÜRÜN | M91: HATALI / EKSİK KESİNTİ SÜREÇLERİ BİLGİLENDİRMESİ | N91: 45999 | O91: 46000 | P91: GEÇERSİZ ŞİKAYET | Q91: - | R91: ŞEYMANUR ÇEVİK | S91: YAPILDI | T91: HAYIR | U91: 100 | V91: ARALIK | W91: 500048 | X91: =IFERROR(VLOOKUP(W91,'Personel Bilgi'!A:B,2,0),"---") -> FATMA NUR TASBASI | Y91: =IFERROR(VLOOKUP(W91,'Personel Bilgi'!A:C,3,0),"---") -> MEHMET ALI SAVAN | Z91: HAYIR | AA91: HATASIZ ÇAĞRI | AB91: ARIZA | AC91: ÜRÜN | AD91: HATALI / EKSİK KESİNTİ SÜREÇLERİ BİLGİLENDİRMESİ
A92: ÇAĞRI MERKEZİ | B92: *16276000783384 | C92: 5330921482 | D92: BEDAŞ | E92: =IFERROR(VLOOKUP(D92,Tanımlar!C:D,2,0),"- - -") -> DAĞITIM | F92: 500143 | G92: =IFERROR(VLOOKUP(F92,'Personel Bilgi'!A:B,2,0),"- - - ") -> AYDANUR TANAS | H92: =IFERROR(VLOOKUP(F92,'Personel Bilgi'!A:D,3,0),"- - -") -> KURSAD TERCANLI | I92: =IFERROR(VLOOKUP(F92,'Personel Bilgi'!A:D,4,0),"- - -") -> ERZURUM | J92: =IFERROR(VLOOKUP(F92,'Personel Bilgi'!A:E,5,0),"- - -") -> MÜŞTERİ TEMSİLCİSİ | K92: KAÇAK | L92: ÜRÜN | M92: HATALI / EKSİK KAÇAK SÜREÇLERİ BİLGİLENDİRMESİ | N92: 45996 | O92: 46000 | P92: SÖZLÜ UYARI YAPILDI | Q92: - | R92: ŞEYMANUR ÇEVİK | S92: YAPILDI | T92: EVET | U92: 0 | V92: ARALIK | W92: 500141 | X92: =IFERROR(VLOOKUP(W92,'Personel Bilgi'!A:B,2,0),"---") -> ZIHNI AKPINAR | Y92: =IFERROR(VLOOKUP(W92,'Personel Bilgi'!A:C,3,0),"---") -> SAMET KOCABEYOGLU | Z92: EVET | AA92: HATALI / EKSİK BİLGİ VERME | AB92: KAÇAK | AC92: ÜRÜN | AD92: HATALI / EKSİK KAÇAK SÜREÇLERİ BİLGİLENDİRMESİ
A93: ÇAĞRI MERKEZİ | B93: *83582327210060 | C93: 5363133143 | D93: BEDAŞ | E93: =IFERROR(VLOOKUP(D93,Tanımlar!C:D,2,0),"- - -") -> DAĞITIM | F93: 500172 | G93: =IFERROR(VLOOKUP(F93,'Personel Bilgi'!A:B,2,0),"- - - ") -> CANPOLAT SENTURK | H93: =IFERROR(VLOOKUP(F93,'Personel Bilgi'!A:D,3,0),"- - -") -> ERDOGAN DURUK | I93: =IFERROR(VLOOKUP(F93,'Personel Bilgi'!A:D,4,0),"- - -") -> ERZURUM | J93: =IFERROR(VLOOKUP(F93,'Personel Bilgi'!A:E,5,0),"- - -") -> MÜŞTERİ TEMSİLCİSİ | K93: ARIZA | L93: DAVRANIŞ | M93: TAVIR, TARZ YAPMAK, SES YÜKSELTMEK VB. | N93: 45999 | O93: 46000 | P93: GEÇERSİZ ŞİKAYET | Q93: - | R93: ŞEYMANUR ÇEVİK | S93: YAPILDI | T93: EVET | U93: 0 | V93: ARALIK | W93: 600455 | X93: =IFERROR(VLOOKUP(W93,'Personel Bilgi'!A:B,2,0),"---") -> VUSLAT UNAL | Y93: =IFERROR(VLOOKUP(W93,'Personel Bilgi'!A:C,3,0),"---") -> GORKEM SERT | Z93: HAYIR | AA93: HATASIZ ÇAĞRI | AB93: ARIZA | AC93: DAVRANIŞ | AD93: TAVIR, TARZ YAPMAK, SES YÜKSELTMEK VB.
A94: ÇAĞRI MERKEZİ | B94: *24527561385988 | C94: 5306067354 | D94: BEDAŞ | E94: =IFERROR(VLOOKUP(D94,Tanımlar!C:D,2,0),"- - -") -> DAĞITIM | F94: 500145 | G94: =IFERROR(VLOOKUP(F94,'Personel Bilgi'!A:B,2,0),"- - - ") -> BELMA ONAL | H94: =IFERROR(VLOOKUP(F94,'Personel Bilgi'!A:D,3,0),"- - -") -> KURSAD TERCANLI | I94: =IFERROR(VLOOKUP(F94,'Personel Bilgi'!A:D,4,0),"- - -") -> ERZURUM | J94: =IFERROR(VLOOKUP(F94,'Personel Bilgi'!A:E,5,0),"- - -") -> MÜŞTERİ TEMSİLCİSİ | K94: ARIZA | L94: ÜRÜN | M94: HATALI / EKSİK KESİNTİ SÜREÇLERİ BİLGİLENDİRMESİ | N94: 45999 | O94: 46000 | P94: GEÇERSİZ ŞİKAYET | Q94: - | R94: ŞEYMANUR ÇEVİK | S94: YAPILDI | T94: HAYIR | U94: 80 | V94: ARALIK | W94: 500128 | X94: =IFERROR(VLOOKUP(W94,'Personel Bilgi'!A:B,2,0),"---") -> NILUFER HAZAN CIFCI | Y94: =IFERROR(VLOOKUP(W94,'Personel Bilgi'!A:C,3,0),"---") -> SAMET KOCABEYOGLU | Z94: HAYIR | AA94: HATASIZ ÇAĞRI | AB94: ARIZA | AC94: ÜRÜN | AD94: HATALI / EKSİK KESİNTİ SÜREÇLERİ BİLGİLENDİRMESİ
A95: ÇAĞRI MERKEZİ | B95: *55373326717438 | C95: 5317117084 | D95: BEDAŞ | E95: =IFERROR(VLOOKUP(D95,Tanımlar!C:D,2,0),"- - -") -> DAĞITIM | F95: 600453 | G95: =IFERROR(VLOOKUP(F95,'Personel Bilgi'!A:B,2,0),"- - - ") -> SEMA NUR KUPCU | H95: =IFERROR(VLOOKUP(F95,'Personel Bilgi'!A:D,3,0),"- - -") -> GORKEM SERT | I95: =IFERROR(VLOOKUP(F95,'Personel Bilgi'!A:D,4,0),"- - -") -> ANKARA | J95: =IFERROR(VLOOKUP(F95,'Personel Bilgi'!A:E,5,0),"- - -") -> MÜŞTERİ TEMSİLCİSİ | K95: ARIZA | L95: SÜREÇ | M95: LOG KAYDININ OLMAMASI | N95: 45999 | O95: 46000 | P95: SÖZLÜ UYARI YAPILDI | Q95: - | R95: ŞEYMANUR ÇEVİK | S95: YAPILDI | T95: EVET | U95: 0 | V95: ARALIK | W95: 500160 | X95: =IFERROR(VLOOKUP(W95,'Personel Bilgi'!A:B,2,0),"---") -> MERVE NUR KOTAN | Y95: =IFERROR(VLOOKUP(W95,'Personel Bilgi'!A:C,3,0),"---") -> KURSAD TERCANLI | Z95: HAYIR | AA95: HATASIZ ÇAĞRI | AB95: ARIZA | AC95: SÜREÇ | AD95: LOG KAYDININ OLMAMASI
A96: ÇAĞRI MERKEZİ | B96: *99936147220279 | C96: 5416893449 | D96: BEDAŞ | E96: =IFERROR(VLOOKUP(D96,Tanımlar!C:D,2,0),"- - -") -> DAĞITIM | F96: 600611 | G96: =IFERROR(VLOOKUP(F96,'Personel Bilgi'!A:B,2,0),"- - - ") -> ZEYNEP KOC | H96: =IFERROR(VLOOKUP(F96,'Personel Bilgi'!A:D,3,0),"- - -") -> FERHAT DEMIR | I96: =IFERROR(VLOOKUP(F96,'Personel Bilgi'!A:D,4,0),"- - -") -> ANKARA | J96: =IFERROR(VLOOKUP(F96,'Personel Bilgi'!A:E,5,0),"- - -") -> MÜŞTERİ TEMSİLCİSİ | K96: ARIZA | L96: DAVRANIŞ | M96: TAVIR, TARZ YAPMAK, SES YÜKSELTMEK VB. | N96: 45998 | O96: 46000 | P96: GEÇERSİZ ŞİKAYET | Q96: - | R96: ŞEYMANUR ÇEVİK | S96: YAPILDI | T96: HAYIR | U96: 96 | V96: ARALIK | W96: 500061 | X96: =IFERROR(VLOOKUP(W96,'Personel Bilgi'!A:B,2,0),"---") -> YASIN CAKAR | Y96: =IFERROR(VLOOKUP(W96,'Personel Bilgi'!A:C,3,0),"---") -> MEHMET ALI SAVAN | Z96: HAYIR | AA96: HATASIZ ÇAĞRI | AB96: ARIZA | AC96: DAVRANIŞ | AD96: TAVIR, TARZ YAPMAK, SES YÜKSELTMEK VB.
A97: ÇAĞRI MERKEZİ | B97: *44234571216944 | C97: 5333004516 | D97: BEDAŞ | E97: =IFERROR(VLOOKUP(D97,Tanımlar!C:D,2,0),"- - -") -> DAĞITIM | F97: 500177 | G97: =IFERROR(VLOOKUP(F97,'Personel Bilgi'!A:B,2,0),"- - - ") -> GAMZE VELIOGULLARI | H97: =IFERROR(VLOOKUP(F97,'Personel Bilgi'!A:D,3,0),"- - -") -> SAMET KOCABEYOGLU | I97: =IFERROR(VLOOKUP(F97,'Personel Bilgi'!A:D,4,0),"- - -") -> ERZURUM | J97: =IFERROR(VLOOKUP(F97,'Personel Bilgi'!A:E,5,0),"- - -") -> MÜŞTERİ TEMSİLCİSİ | K97: AYDINLATMA | L97: DAVRANIŞ | M97: TAVIR, TARZ YAPMAK, SES YÜKSELTMEK VB. | N97: 45999 | O97: 46000 | P97: YAZILI UYARI YAPILDI | Q97: - | R97: ŞEYMANUR ÇEVİK | S97: YAPILDI | T97: EVET | U97: 0 | V97: ARALIK | W97: 500010 | X97: =IFERROR(VLOOKUP(W97,'Personel Bilgi'!A:B,2,0),"---") -> ALEYNA KARACA | Y97: =IFERROR(VLOOKUP(W97,'Personel Bilgi'!A:C,3,0),"---") -> ERDOGAN DURUK | Z97: HAYIR | AA97: HATASIZ ÇAĞRI | AB97: AYDINLATMA | AC97: DAVRANIŞ | AD97: TAVIR, TARZ YAPMAK, SES YÜKSELTMEK VB.
A98: ÇAĞRI MERKEZİ | B98: *89260151150727 | C98: 5539332816 | D98: BEDAŞ | E98: =IFERROR(VLOOKUP(D98,Tanımlar!C:D,2,0),"- - -") -> DAĞITIM | F98: 111239 | G98: =IFERROR(VLOOKUP(F98,'Personel Bilgi'!A:B,2,0),"- - - ") -> HIRANUR KALKAN | H98: =IFERROR(VLOOKUP(F98,'Personel Bilgi'!A:D,3,0),"- - -") -> SEVCAN BULUT | I98: =IFERROR(VLOOKUP(F98,'Personel Bilgi'!A:D,4,0),"- - -") -> KARS | J98: =IFERROR(VLOOKUP(F98,'Personel Bilgi'!A:E,5,0),"- - -") -> MÜŞTERİ TEMSİLCİSİ | K98: ARIZA | L98: DAVRANIŞ | M98: MÜŞTERİNİN YÜZÜNE TELEFON KAPATMA | N98: 46000 | O98: 46000 | P98: GEÇERSİZ ŞİKAYET | Q98: - | R98: ŞEYMANUR ÇEVİK | S98: YAPILDI | T98: HAYIR | U98: 88 | V98: ARALIK | W98: 111087 | X98: =IFERROR(VLOOKUP(W98,'Personel Bilgi'!A:B,2,0),"---") -> ASYA ATMACA | Y98: =IFERROR(VLOOKUP(W98,'Personel Bilgi'!A:C,3,0),"---") -> MUHAMMET AKSU | Z98: HAYIR | AA98: HATASIZ ÇAĞRI | AB98: ARIZA | AC98: DAVRANIŞ | AD98: MÜŞTERİNİN YÜZÜNE TELEFON KAPATMA
A99: ÇAĞRI MERKEZİ | B99: *51693170925401 | C99: 5395907773 | D99: BEDAŞ | E99: =IFERROR(VLOOKUP(D99,Tanımlar!C:D,2,0),"- - -") -> DAĞITIM | F99: 111087 | G99: =IFERROR(VLOOKUP(F99,'Personel Bilgi'!A:B,2,0),"- - - ") -> ASYA ATMACA | H99: =IFERROR(VLOOKUP(F99,'Personel Bilgi'!A:D,3,0),"- - -") -> MUHAMMET AKSU | I99: =IFERROR(VLOOKUP(F99,'Personel Bilgi'!A:D,4,0),"- - -") -> KARS | J99: =IFERROR(VLOOKUP(F99,'Personel Bilgi'!A:E,5,0),"- - -") -> MÜŞTERİ TEMSİLCİSİ | K99: ARIZA | L99: ÜRÜN | M99: HATALI / EKSİK KESİNTİ SÜREÇLERİ BİLGİLENDİRMESİ | N99: 46000 | O99: 46000 | P99: GEÇERSİZ ŞİKAYET | Q99: - | R99: ŞEYMANUR ÇEVİK | S99: YAPILDI | T99: HAYIR | U99: 100 | V99: ARALIK | W99: 500131 | X99: =IFERROR(VLOOKUP(W99,'Personel Bilgi'!A:B,2,0),"---") -> SIBEL ATES | Y99: =IFERROR(VLOOKUP(W99,'Personel Bilgi'!A:C,3,0),"---") -> TURGUT AKDAG | Z99: EVET | AA99: HATALI / EKSİK BİLGİ VERME | AB99: ARIZA | AC99: ÜRÜN | AD99: HATALI / EKSİK KESİNTİ SÜREÇLERİ BİLGİLENDİRMESİ
A100: ÇAĞRI MERKEZİ | B100: *50093611422457 | C100: 5353585776 | D100: BEDAŞ | E100: =IFERROR(VLOOKUP(D100,Tanımlar!C:D,2,0),"- - -") -> DAĞITIM | F100: 500037 | G100: =IFERROR(VLOOKUP(F100,'Personel Bilgi'!A:B,2,0),"- - - ") -> SEYDANUR UCGUL | H100: =IFERROR(VLOOKUP(F100,'Personel Bilgi'!A:D,3,0),"- - -") -> ERDOGAN DURUK | I100: =IFERROR(VLOOKUP(F100,'Personel Bilgi'!A:D,4,0),"- - -") -> ERZURUM | J100: =IFERROR(VLOOKUP(F100,'Personel Bilgi'!A:E,5,0),"- - -") -> MÜŞTERİ TEMSİLCİSİ | K100: AYDINLATMA | L100: SÜREÇ | M100: LOG KAYDININ OLMAMASI | N100: 45999 | O100: 46000 | P100: GEÇERSİZ ŞİKAYET | Q100: - | R100: ŞEYMANUR ÇEVİK | S100: YAPILDI | T100: HAYIR | U100: 100 | V100: ARALIK | W100: 500196 | X100: =IFERROR(VLOOKUP(W100,'Personel Bilgi'!A:B,2,0),"---") -> MUHAMMED IKBAL KARABACAK | Y100: =IFERROR(VLOOKUP(W100,'Personel Bilgi'!A:C,3,0),"---") -> TURGUT AKDAG | Z100: EVET | AA100: HATALI / EKSİK BİLGİ VERME | AB100: AYDINLATMA | AC100: SÜREÇ | AD100: LOG KAYDININ OLMAMASI
...

Sheet Tanımlar
A1: Geliş Kanalı | B1: Lokasyon | C1: ŞİRKET | D1: SKILL | E1: Unvan | F1: SÜREÇ | G1: ÜRÜN | H1: DAVRANIŞ | I1: TEŞEKKÜR | J1: Çağrı Konusu | K1: Yapılacak İş Sonucu | L1: Kalite Yetkilisi | M1: Kalite Değerlendirmesi | N1: Mail İletildi Mi? | O1: Kayıt Oluşturan MT Hatalı Mı? | P1: Hata Sebebi Olan Durum Nedir? | Q1: Fraud (Tele Satış)
A2: ÇAĞRI MERKEZİ | B2: KARS | C2: AEDAŞ | D2: DAĞITIM | E2: TAKIM LİDERİ | F2: HATALI MÜHİM/MOD/ÇAĞRI MERKEZİ VB. YÖNLENDİRME | G2: HATALI / EKSİK BORÇ BİLGİLENDİRMESİ | H2: TAVIR, TARZ YAPMAK, SES YÜKSELTMEK VB. | I2: MÜŞTERİ TEMSİLCİSİNE TEŞEKKÜR | J2: ARIZA | K2: ÇAĞRI MERKEZİNE TEŞEKKÜR | L2: HABIBE KARABIYIK | M2: YAPILDI | N2: EVET | O2: EVET | P2: HATASIZ ÇAĞRI | Q2: VAR
A3: EPDK | B3: ERZURUM | C3: AEPSAŞ | D3: PERAKENDE | E3: M.TEMSİLCİSİ | F3: YETKİLİYE AKTARMAMA | G3: HATALI / EKSİK ABONELİK BİLGİLENDİRMESİ | H3: STANDARDA UYGUN OLMAYAN ÇAĞRI SONLANDIRMA | I3: TAKIM LİDERİNE TEŞEKKÜR | J3: AYDINLATMA | K3: GEÇERLİ TEŞEKKÜR | L3: FATİH BAŞTUĞ | M3: YAPILMADI | N3: HAYIR | O3: HAYIR | P3: ŞİKAYETE YÖNLENDİRME | Q3: YOK
A4: CİMER | B4: ANKARA | C4: BEDAŞ | D4: DAĞITIM | E4: UZM.M.TEMSİLCİSİ | F4: ŞİKAYET/TEŞEKKÜR KAYDI OLUŞTURMAMA | G4: HATALI / EKSİK İKİLİ ANLAŞMA SÜREÇLERİ BİLGİLENDİRMESİ | H4: MÜŞTERİNİN YÜZÜNE TELEFON KAPATMA | I4: ÇAĞRI MERKEZİNE GENEL OLARAK TEŞEKKÜR | J4: BAĞLANTI ŞEBEKE | K4: GEÇERSİZ ŞİKAYET | L4: MÜNEVVER YILMAZ | P4: HATALI / EKSİK BİLGİ VERME
A5: ŞİRKET İÇ BİRİM | C5: BEPSAŞ | D5: PERAKENDE | F5: HATALI ABONELİK ÜZERİNDEN İŞLEM YAPILMASI | G5: HATALI / EKSİK UK SÜRECİ UYGULANMASI | H5: GÜLMEK, ESNEMEK, BESLENMEK VB. UYGUN OLMAYAN DAVRANIŞ | J5: BİLGİ EDİNME | K5: GEÇERSİZ TEŞEKKÜR | L5: SEYMANUR CEVIK | P5: İKNAYA GİTMEME
C6: ÇEDAŞ | D6: DAĞITIM | F6: HATALI KATEGORİ ÜZERİNDEN KAYIT ALMA | G6: HATALI / EKSİK SKTT SÜRECİ BİLGİLENDİRMESİ | H6: MÜŞTERİYE HİZMET VERMEDEN (5,10,30 SN VB.) ÇAĞRIYI KAPATMAK | J6: İŞLETME TALEPLERİ | K6: ÖZÜR | L6: HALİDE PALAVAR
C7: ÇEPSAŞ | D7: PERAKENDE | F7: LOG KAYDININ OLMAMASI | G7: HATALI / EKSİK DİJİTAL FATURA SÜRECİ UYGULANMASI | J7: KAÇAK | K7: SÖZLÜ UYARI YARILDI | L7: ÖZLEM BAŞÇAVUŞOĞULLARI
F8: 3. ŞAHIS İLE BİLGİ PAYLAŞILMASI | G8: HATALI / EKSİK İYS SÜRECİ UYGULANMASI | J8: KAMULAŞTIRMA | K8: YAZILI UYARI YAPILDI | L8: RUKİYE DEMİRKALE
F9: HATALI TEŞEKKÜR KAYDI | G9: HATALI / EKSİK GÜVENCE BEDELİ BİLGİLENDİRMESİ | J9: MÜŞTERİ FEN | K9: UYARILDI | L9: FATİH KARADENİZ
F10: HATALI ŞİKAYET KAYDI | G10: HATALI / EKSİK KAÇAK SÜREÇLERİ BİLGİLENDİRMESİ | J10: MÜŞTERİ HİZMETLERİ | L10: YALIN BASBUG
F11: MÜŞTERİ TALEBİNE YARDIMCI OLMAMASI | G11: HATALI / EKSİK AYDINLATMA BİLGİLENDİRMESİ | J11: OSOS İŞLEMLERİ | L11: KADER ERGUN
G12: HATALI / EKSİK SAYAÇ SÜREÇLERİ BİLGİLENDİRMESİ | J12: SAYAÇ İŞLEMLERİ
G13: HATALI / EKSİK AÇMA KESME SÜREÇLERİ BİLGİLENDİRMESİ | J13: TAHAKKUK
G14: HATALI / EKSİK KESİNTİ SÜREÇLERİ BİLGİLENDİRMESİ | J14: TAZMİNATLAR
J15: TEKNİK KALİTE
J16: BORÇ ÖDEME İŞLEMLERİ
J17: GENEL TALEPLER
J18: MÜŞTERİ İŞLEMLERİ
J19: FATURA İŞLEMLERİ
J20: YASAL TAKİP BAŞVURULARI
J21: KAMPANYALAR
J22: BİLGİ VERİLDİ
J23: AÇMA KESME
J24: FATURALAMA ŞİKAYETLERİ
J25: SKTT
J26: CK SATIŞ

Sheet Personel Bilgi
A1: LOGİNID | B1: MÜSTERİ TEMSİLCİSİ | C1: TAKIM LİDERİ | D1: LOKASYON | E1: UNVAN | F1: ÇALIŞMA DURUMU
A2: 210372 | B2: YAPRAK AKBABA | C2: AYSU ARSLAN | D2: KARS | E2: MÜŞTERİ TEMSİLCİSİ | F2: AKTİF
A3: 110558 | B3: TANSU CAM | C3: AYSU ARSLAN | D3: KARS | E3: MÜŞTERİ TEMSİLCİSİ | F3: AKTİF
A4: 210043 | B4: SEVAL TOSUN | C4: AYSU ARSLAN | D4: KARS | E4: MÜŞTERİ TEMSİLCİSİ | F4: AKTİF
A5: 210131 | B5: SENEM ERTAS | C5: AYSU ARSLAN | D5: KARS | E5: TAKIM LİDERİ | F5: AKTİF
A6: 210171 | B6: RABIA KAYA | C6: AYSU ARSLAN | D6: KARS | E6: MÜŞTERİ TEMSİLCİSİ | F6: AKTİF
A7: 210138 | B7: PELIN SU ERDAGI | C7: AYSU ARSLAN | D7: KARS | E7: MÜŞTERİ TEMSİLCİSİ | F7: AKTİF
A8: 110466 | B8: NUR ALEYNA BEKISDAMAT | C8: AYSU ARSLAN | D8: KARS | E8: MÜŞTERİ TEMSİLCİSİ | F8: AKTİF
A9: 210034 | B9: MUNRE KAVRAT | C9: AYSU ARSLAN | D9: KARS | E9: MÜŞTERİ TEMSİLCİSİ | F9: AKTİF
A10: 110287 | B10: GURKAN YAGCI | C10: AYSU ARSLAN | D10: KARS | E10: MÜŞTERİ TEMSİLCİSİ | F10: AKTİF
A11: 110286 | B11: GUNES YILMAZ | C11: AYSU ARSLAN | D11: KARS | E11: TAKIM LİDERİ | F11: AKTİF
A12: 210053 | B12: GULHAN GENCLER | C12: AYSU ARSLAN | D12: KARS | E12: MÜŞTERİ TEMSİLCİSİ | F12: AKTİF
A13: 210114 | B13: GUL ZEHRA KIZGIN | C13: AYSU ARSLAN | D13: KARS | E13: MÜŞTERİ TEMSİLCİSİ | F13: AKTİF
... A605: 110463 | B605: MUHAMMET ACAY | C605: SEDA SEBU | D605: KARS | E605: MÜŞTERİ TEMSİLCİSİ | F605: AKTİF
A606: 999999 | B606: GENEL TEŞEKKÜR | C606: GENEL TEŞEKKÜR | D606: GENEL TEŞEKKÜR | E606: GENEL TEŞEKKÜR
A607: 600032 | B607: ASYA DAG | C607: ASYA DAG | D607: ANKARA | E607: TAKIM LİDERİ | F607: AKTİF
A608: 600345 | B608: FERHAT DEMIR | C608: FERHAT DEMIR | D608: ANKARA | E608: TAKIM LİDERİ | F608: AKTİF
A609: 210005 | B609: AYSU ARSLAN | C609: AYSU ARSLAN | D609: KARS | E609: TAKIM LİDERİ | F609: AKTİF
A610: 500025 | B610: METEHAN EMRE SIRMALI | C610: METEHAN EMRE SIRMALI | D610: ERZURUM | E610: TAKIM LIDERI | F610: AKTİF
A611: 888888 | B611: CİMER | C611: CİMER | D611: CİMER | E611: CİMER | F611: AKTİF
A612: 777777 | B612: EPDK | C612: EPDK | D612: EPDK | E612: EPDK | F612: AKTİF
A613: 666666 | B613: İÇ BİRİM | C613: İÇ BİRİM | D613: İÇ BİRİM | E613: İÇ BİRİM | F613: AKTİF
A614: 600878 | B614: ESRA USTAOGLU | C614: AHMET RIDVAN ERDOGMUS | D614: ANKARA | E614: MÜŞTERİ TEMSİLCİSİ | F614: AKTİF
A615: 110303 | B615: YAREN OZAYAG | C615: YAREN OZAYAG | D615: KARS | E615: TAKIM LİDERİ | F615: AKTİF
A616: 210013 | B616: CEYHAN AYRIC | C616: CEYHAN AYRIC | D616: KARS | E616: TAKIM LİDERİ | F616: AKTİF
A617: 110300 | B617: SEVCA BULUT | C617: SEVCA BULUT | D617: KARS | E617: TAKIM LİDERİ | F617: AKTİF
A618: 210007 | B618: YAPRAK KARAKOC | C618: YAPRAK KARAKOC | D618: KARS | E618: TAKIM LİDERİ | F618: AKTİF
A619: 600892 | B619: AHMET CIHAN ERDEM | C619: DILAN OZDEN | D619: ANKARA | E619: MÜŞTERİ TEMSİLCİSİ | F619: AKTİF

Sheet Sayfa2
A3: Say Lokasyon | B3: Sütun Etiketleri
A4: Satır Etiketleri | B4: - - - | C4: DAĞITIM | D4: PERAKENDE | E4: Genel Toplam
A5: SÜREÇ | C5: 74 | D5: 35 | E5: 109
A6: DAVRANIŞ | C6: 41 | D6: 9 | E6: 50
A7: ÜRÜN | C7: 36 | D7: 5 | E7: 41
A8: (boş) | B8: 27 | C8: 1 | D8: 1 | E8: 29
A9: TEŞEKKÜR | C9: 12 | D9: 3 | E9: 15
A10: Genel Toplam | B10: 27 | C10: 164 | D10: 53 | E10: 244
A13: Say Lokasyon | B13: Sütun Etiketleri
A14: Satır Etiketleri | B14: - - - | C14: DAĞITIM | D14: PERAKENDE | E14: Genel Toplam
A15: SÜREÇ | C15: 74 | D15: 35 | E15: 109
A16: MÜŞTERİ TALEBİNE YARDIMCI OLMAMASI | C16: 44 | D16: 20 | E16: 64
A17: MÜŞTERİNİN YÜZÜNE TELEFON KAPATMA | C17: 6 | D17: 7 | E17: 13
A18: HATALI MÜHİM/MOD/ÇAĞRI MERKEZİ VB. YÖNLENDİRME | C18: 7 | D18: 5 | E18: 12
A19: YETKİLİYE AKTARMAMA | C19: 8 | E19: 8
A20: LOG KAYDININ OLMAMASI | C20: 6 | E20: 6
A21: HATALI KATEGORİ ÜZERİNDEN KAYIT ALMA | C21: 3 | E21: 3
A22: HATALI ABONELİK ÜZERİNDEN İŞLEM YAPILMASI | D22: 3 | E22: 3
A23: DAVRANIŞ | C23: 41 | D23: 9 | E23: 50
A24: MÜŞTERİNİN YÜZÜNE TELEFON KAPATMA | C24: 22 | D24: 4 | E24: 26
A25: TAVIR, TARZ YAPMAK, SES YÜKSELTMEK VB. | C25: 11 | D25: 4 | E25: 15
A26: MÜŞTERİNİN İSTEĞİ DIŞINDA ÇAĞRININ SONLANDIRILMASI | C26: 7 | E26: 7
A27: YETERSİZ VERİ | C27: 1 | E27: 1
A28: STANDARDA UYGUN OLMAYAN ÇAĞRI SONLANDIRMA | D28: 1 | E28: 1
A29: ÜRÜN | C29: 36 | D29: 5 | E29: 41
A30: HATALI / EKSİK KESİNTİ SÜREÇLERİ BİLGİLENDİRMESİ | C30: 20 | E30: 20
A31: HATALI / EKSİK KAÇAK SÜREÇLERİ BİLGİLENDİRMESİ | C31: 7 | E31: 7
A32: HATALI / EKSİK SAYAÇ SÜREÇLERİ BİLGİLENDİRMESİ | C32: 6 | E32: 6
A33: HATALI / EKSİK AYDINLATMA BİLGİLENDİRMESİ | C33: 3 | E33: 3
A34: HATALI / EKSİK BORÇ BİLGİLENDİRMESİ | D34: 2 | E34: 2
A35: HATALI / EKSİK İKİLİ ANLAŞMA SÜREÇLERİ BİLGİLENDİRMESİ | D35: 2 | E35: 2
A36: HATALI / EKSİK GÜVENCE BEDELİ BİLGİLENDİRMESİ | D36: 1 | E36: 1
A37: (boş) | B37: 27 | C37: 1 | D37: 1 | E37: 29
A38: (boş) | B38: 27 | C38: 1 | E38: 28
A39: YETERSİZ VERİ | D39: 1 | E39: 1
A40: TEŞEKKÜR | C40: 12 | D40: 3 | E40: 15
A41: MÜŞTERİ TEMSİLCİSİNE TEŞEKKÜR | C41: 10 | D41: 3 | E41: 13
A42: ÇAĞRI MERKEZİNE GENEL OLARAK TEŞEKKÜR | C42: 2 | E42: 2
A43: Genel Toplam | B43: 27 | C43: 164 | D43: 53 | E43: 244

Sheet Sayfa1
B2: GEÇERLİ ŞİKAYET | C2: GEÇERSİZ ŞİKAYET | D2: GEÇERLİ TEŞEKKÜR | E2: GEÇERSİZ TEŞEKKÜR | F2: ÇAĞRI MERKEZİNE TEŞEKKÜR | G2: ÖZÜR
B3: Yazılı Uyarı | C3: İşlem Yok | D3: İşlem Yok | E3: İşlem Yok | F3: İşlem Yok | G3: İşlem Yok
B4: Sözlü Uyarı
B5: Uyarıldı
